date,campaign_id,creative_id,spend,impressions,clicks,sessions
2026-04-04,NC-01,NC-01-A,102.2,5964,85,75
2026-04-04,NC-01,NC-01-B,128.97,9557,146,130
2026-04-05,NC-01,NC-01-A,110.96,8394,143,124
2026-04-05,NC-01,NC-01-B,99.7,6043,108,96
2026-04-06,NC-01,NC-01-A,106.35,6773,125,106
2026-04-06,NC-01,NC-01-B,114.83,7895,142,119
2026-04-07,NC-01,NC-01-A,94.21,5789,96,80
2026-04-07,NC-01,NC-01-B,118.58,7508,117,108
2026-04-08,NC-01,NC-01-A,111.81,7010,143,130
2026-04-08,NC-01,NC-01-B,118.85,9286,135,115
2026-04-09,NC-01,NC-01-A,118.43,7876,159,144
2026-04-09,NC-01,NC-01-B,104.86,7346,100,89
2026-04-10,NC-01,NC-01-A,119.11,7985,155,131
2026-04-10,NC-01,NC-01-B,116.3,7201,120,109
2026-04-11,NC-01,NC-01-A,127.25,9694,155,142
2026-04-11,NC-01,NC-01-B,117.17,8519,125,107
2026-04-12,NC-01,NC-01-A,111.59,8474,148,135
2026-04-12,NC-01,NC-01-B,121.66,8454,138,122
2026-04-13,NC-01,NC-01-A,110.54,7382,146,127
2026-04-13,NC-01,NC-01-B,108.76,8093,131,116
2026-04-14,NC-01,NC-01-A,124.49,7859,163,142
2026-04-14,NC-01,NC-01-B,119.47,8742,148,128
2026-04-15,NC-01,NC-01-A,101.82,6818,125,113
2026-04-15,NC-01,NC-01-B,118.77,7347,115,96
2026-04-16,NC-01,NC-01-A,131.5,8234,144,127
2026-04-16,NC-01,NC-01-B,119.92,7047,113,102
2026-04-17,NC-01,NC-01-A,114.9,8858,150,139
2026-04-17,NC-01,NC-01-B,129.21,10031,151,131
2026-04-18,NC-01,NC-01-A,115.31,7676,112,98
2026-04-18,NC-01,NC-01-B,112.08,8780,146,131
2026-04-19,NC-01,NC-01-A,108.63,6703,112,99
2026-04-19,NC-01,NC-01-B,121.44,7826,131,119
2026-04-20,NC-01,NC-01-A,102.68,7803,141,123
2026-04-20,NC-01,NC-01-B,130.73,10181,181,158
2026-04-21,NC-01,NC-01-A,126.34,9165,170,150
2026-04-21,NC-01,NC-01-B,136.07,8645,127,120
2026-04-22,NC-01,NC-01-A,110.95,7420,129,112
2026-04-22,NC-01,NC-01-B,130.02,8102,108,94
2026-04-23,NC-01,NC-01-A,130.37,9160,166,145
2026-04-23,NC-01,NC-01-B,114.78,8492,147,132
2026-04-24,NC-01,NC-01-A,102.35,6121,137,123
2026-04-24,NC-01,NC-01-B,106.24,7070,112,97
2026-04-25,NC-01,NC-01-A,114.33,7401,137,117
2026-04-25,NC-01,NC-01-B,129.95,8060,105,92
2026-04-26,NC-01,NC-01-A,113.06,7214,129,116
2026-04-26,NC-01,NC-01-B,106.6,7029,123,108
2026-04-27,NC-01,NC-01-A,131.35,7874,139,126
2026-04-27,NC-01,NC-01-B,113.37,7583,110,99
2026-04-28,NC-01,NC-01-A,122.08,7589,144,125
2026-04-28,NC-01,NC-01-B,100.56,6354,91,79
2026-04-29,NC-01,NC-01-A,104.06,6091,99,84
2026-04-29,NC-01,NC-01-B,110.14,8293,125,113
2026-04-30,NC-01,NC-01-A,107.13,7619,128,110
2026-04-30,NC-01,NC-01-B,106.32,6695,101,88
2026-05-01,NC-01,NC-01-A,97.03,6147,100,85
2026-05-01,NC-01,NC-01-B,97.71,6065,106,92
2026-05-02,NC-01,NC-01-A,104.38,6500,106,90
2026-05-02,NC-01,NC-01-B,133.12,9007,132,120
2026-05-03,NC-01,NC-01-A,107.45,7286,126,116
2026-05-03,NC-01,NC-01-B,103.42,6379,81,71
2026-05-04,NC-01,NC-01-A,122.32,7403,127,110
2026-05-04,NC-01,NC-01-B,112.59,7559,120,109
2026-05-05,NC-01,NC-01-A,119.95,8537,164,148
2026-05-05,NC-01,NC-01-B,109.14,7655,117,104
2026-05-06,NC-01,NC-01-A,107.05,7138,117,109
2026-05-06,NC-01,NC-01-B,97.64,6378,108,99
2026-05-07,NC-01,NC-01-A,116.96,7599,146,130
2026-05-07,NC-01,NC-01-B,108.57,7872,131,109
2026-05-08,NC-01,NC-01-A,104.39,6888,135,122
2026-05-08,NC-01,NC-01-B,97.19,7429,109,101
2026-05-09,NC-01,NC-01-A,112.56,6959,135,120
2026-05-09,NC-01,NC-01-B,99.14,6503,99,92
2026-05-10,NC-01,NC-01-A,126.12,8345,154,137
2026-05-10,NC-01,NC-01-B,106.87,6220,89,75
2026-05-11,NC-01,NC-01-A,102.67,6114,127,111
2026-05-11,NC-01,NC-01-B,101.57,6018,100,90
2026-05-12,NC-01,NC-01-A,95.67,7037,111,98
2026-05-12,NC-01,NC-01-B,89.03,6303,88,78
2026-05-13,NC-01,NC-01-A,113.98,6709,126,102
2026-05-13,NC-01,NC-01-B,89.69,5525,66,57
2026-05-14,NC-01,NC-01-A,103.79,6408,108,92
2026-05-14,NC-01,NC-01-B,85.47,6278,107,92
2026-05-15,NC-01,NC-01-A,97.29,7015,155,131
2026-05-15,NC-01,NC-01-B,98.96,5963,72,65
2026-05-16,NC-01,NC-01-A,119.27,7830,147,125
2026-05-16,NC-01,NC-01-B,113.11,6747,100,88
2026-05-17,NC-01,NC-01-A,106.7,6556,103,86
2026-05-17,NC-01,NC-01-B,112.56,8384,136,123
2026-05-18,NC-01,NC-01-A,95.35,6997,122,107
2026-05-18,NC-01,NC-01-B,88.29,6368,108,94
2026-05-19,NC-01,NC-01-A,82.81,5301,106,93
2026-05-19,NC-01,NC-01-B,90.79,5485,67,55
2026-05-20,NC-01,NC-01-A,101.75,6721,117,108
2026-05-20,NC-01,NC-01-B,90.58,6245,89,80
2026-05-21,NC-01,NC-01-A,95.32,6307,113,100
2026-05-21,NC-01,NC-01-B,89.2,5818,99,92
2026-05-22,NC-01,NC-01-A,99.64,5850,105,92
2026-05-22,NC-01,NC-01-B,94.65,6246,123,113
2026-05-23,NC-01,NC-01-A,95.52,7422,134,120
2026-05-23,NC-01,NC-01-B,87.28,5160,75,62
2026-05-24,NC-01,NC-01-A,89.19,6246,116,99
2026-05-24,NC-01,NC-01-B,105.91,7459,100,90
2026-05-25,NC-01,NC-01-A,92.86,6335,113,99
2026-05-25,NC-01,NC-01-B,88.66,6165,98,86
2026-05-26,NC-01,NC-01-A,96.31,6701,110,99
2026-05-26,NC-01,NC-01-B,90.13,5907,84,71
2026-05-27,NC-01,NC-01-A,103.65,6635,127,106
2026-05-27,NC-01,NC-01-B,78.83,5160,82,78
2026-05-28,NC-01,NC-01-A,104.03,6696,111,91
2026-05-28,NC-01,NC-01-B,96.41,5864,96,80
2026-05-29,NC-01,NC-01-A,91.68,5462,98,80
2026-05-29,NC-01,NC-01-B,78.21,4691,71,61
2026-05-30,NC-01,NC-01-A,95.25,6227,104,89
2026-05-30,NC-01,NC-01-B,99.49,5833,90,78
2026-05-31,NC-01,NC-01-A,95.39,7321,116,103
2026-05-31,NC-01,NC-01-B,105.68,6809,98,83
2026-06-01,NC-01,NC-01-A,96.7,5991,105,97
2026-06-01,NC-01,NC-01-B,100.16,7319,115,107
2026-06-02,NC-01,NC-01-A,107.98,7275,150,129
2026-06-02,NC-01,NC-01-B,101.85,6662,105,95
2026-06-03,NC-01,NC-01-A,102.38,6838,125,112
2026-06-03,NC-01,NC-01-B,108.51,6575,106,92
2026-06-04,NC-01,NC-01-A,105.95,7684,133,121
2026-06-04,NC-01,NC-01-B,94.31,6714,89,72
2026-06-05,NC-01,NC-01-A,91.43,6038,103,89
2026-06-05,NC-01,NC-01-B,102.46,7540,120,100
2026-06-06,NC-01,NC-01-A,114.55,7618,136,119
2026-06-06,NC-01,NC-01-B,102.74,6811,121,105
2026-06-07,NC-01,NC-01-A,116.3,7169,131,112
2026-06-07,NC-01,NC-01-B,117.18,7488,123,107
2026-06-08,NC-01,NC-01-A,89.62,6305,138,116
2026-06-08,NC-01,NC-01-B,107.29,6320,103,90
2026-06-09,NC-01,NC-01-A,96.34,6281,120,105
2026-06-09,NC-01,NC-01-B,106.2,7819,117,103
2026-06-10,NC-01,NC-01-A,88.87,5343,117,103
2026-06-10,NC-01,NC-01-B,87.56,6633,107,91
2026-06-11,NC-01,NC-01-A,89.46,5559,107,95
2026-06-11,NC-01,NC-01-B,115.62,7460,111,101
2026-06-12,NC-01,NC-01-A,114.91,7224,111,99
2026-06-12,NC-01,NC-01-B,102.7,6130,92,80
2026-06-13,NC-01,NC-01-A,121.46,7727,144,126
2026-06-13,NC-01,NC-01-B,119.47,6943,111,99
2026-06-14,NC-01,NC-01-A,115.5,6736,119,107
2026-06-14,NC-01,NC-01-B,101.3,6534,97,79
2026-06-15,NC-01,NC-01-A,109.4,6848,116,99
2026-06-15,NC-01,NC-01-B,94.59,6909,105,89
2026-06-16,NC-01,NC-01-A,108.37,7130,135,119
2026-06-16,NC-01,NC-01-B,93.28,7079,100,87
2026-06-17,NC-01,NC-01-A,125.81,8813,146,127
2026-06-17,NC-01,NC-01-B,101.21,6339,99,84
2026-06-18,NC-01,NC-01-A,99.19,6765,113,103
2026-06-18,NC-01,NC-01-B,102.33,7891,137,117
2026-06-19,NC-01,NC-01-A,128.1,8225,150,131
2026-06-19,NC-01,NC-01-B,107.85,7437,129,117
2026-06-20,NC-01,NC-01-A,109.85,7006,137,123
2026-06-20,NC-01,NC-01-B,108.67,6407,96,90
2026-06-21,NC-01,NC-01-A,119.45,7059,134,117
2026-06-21,NC-01,NC-01-B,110.41,6655,97,80
2026-06-22,NC-01,NC-01-A,112.23,6893,131,108
2026-06-22,NC-01,NC-01-B,103.88,7706,117,103
2026-06-23,NC-01,NC-01-A,112.3,8403,147,130
2026-06-23,NC-01,NC-01-B,131.59,8912,135,115
2026-06-24,NC-01,NC-01-A,122.73,7175,134,113
2026-06-24,NC-01,NC-01-B,132.12,7997,113,103
2026-06-25,NC-01,NC-01-A,105.06,6602,91,78
2026-06-25,NC-01,NC-01-B,112.74,6588,97,85
2026-06-26,NC-01,NC-01-A,121.85,8401,163,148
2026-06-26,NC-01,NC-01-B,103.61,6738,124,112
2026-06-27,NC-01,NC-01-A,125.83,9599,162,139
2026-06-27,NC-01,NC-01-B,137.45,10730,184,157
2026-06-28,NC-01,NC-01-A,108.02,6537,133,118
2026-06-28,NC-01,NC-01-B,118.75,6973,112,94
2026-06-29,NC-01,NC-01-A,123.43,7291,155,135
2026-06-29,NC-01,NC-01-B,132.88,8569,133,118
2026-06-30,NC-01,NC-01-A,126.95,9043,183,167
2026-06-30,NC-01,NC-01-B,107.6,7212,101,93
2026-07-01,NC-01,NC-01-A,128.75,8560,181,161
2026-07-01,NC-01,NC-01-B,112.55,6551,100,87
2026-07-02,NC-01,NC-01-A,109.5,6386,105,95
2026-07-02,NC-01,NC-01-B,130.09,10019,155,142
2026-07-03,NC-01,NC-01-A,133.03,7812,145,125
2026-07-03,NC-01,NC-01-B,102.04,7682,116,105
2026-07-04,NC-01,NC-01-A,134.12,9041,147,130
2026-07-04,NC-01,NC-01-B,109.21,8198,119,106
2026-07-05,NC-01,NC-01-A,113.54,8161,134,118
2026-07-05,NC-01,NC-01-B,135.08,9220,156,135
2026-07-06,NC-01,NC-01-A,103.26,6152,108,95
2026-07-06,NC-01,NC-01-B,133.17,8491,144,127
2026-07-07,NC-01,NC-01-A,123.31,7692,137,117
2026-07-07,NC-01,NC-01-B,101.99,6460,90,77
2026-07-08,NC-01,NC-01-A,126.34,9018,177,153
2026-07-08,NC-01,NC-01-B,101.72,7190,128,110
2026-07-09,NC-01,NC-01-A,109.88,7661,145,123
2026-07-09,NC-01,NC-01-B,114.09,8198,123,111
2026-07-10,NC-01,NC-01-A,99.43,7235,118,103
2026-07-10,NC-01,NC-01-B,113.8,6924,115,102
2026-07-11,NC-01,NC-01-A,109.06,7662,138,116
2026-07-11,NC-01,NC-01-B,134.68,9017,123,104
2026-07-12,NC-01,NC-01-A,104.37,6133,109,101
2026-07-12,NC-01,NC-01-B,131.29,7705,103,90
2026-07-13,NC-01,NC-01-A,96.53,6112,127,114
2026-07-13,NC-01,NC-01-B,118.6,9200,141,133
2026-07-14,NC-01,NC-01-A,113.13,8748,181,160
2026-07-14,NC-01,NC-01-B,114.38,8344,121,104
2026-07-15,NC-01,NC-01-A,106.37,7090,129,109
2026-07-15,NC-01,NC-01-B,117.56,8424,134,117
2026-07-16,NC-01,NC-01-A,100.26,7619,144,127
2026-07-16,NC-01,NC-01-B,108.35,7475,117,108
2026-07-17,NC-01,NC-01-A,99.27,6128,115,100
2026-07-17,NC-01,NC-01-B,114.57,8531,120,103
2026-07-18,NC-01,NC-01-A,110.42,7872,138,119
2026-07-18,NC-01,NC-01-B,110.91,6662,101,89
2026-07-19,NC-01,NC-01-A,123.52,8122,127,108
2026-07-19,NC-01,NC-01-B,114.49,6732,100,89
2026-07-20,NC-01,NC-01-A,104.01,7504,117,98
2026-07-20,NC-01,NC-01-B,109.07,7277,113,104
2026-07-21,NC-01,NC-01-A,97.79,5746,93,77
2026-07-21,NC-01,NC-01-B,113.15,7966,134,123
2026-07-22,NC-01,NC-01-A,107.65,8254,152,141
2026-07-22,NC-01,NC-01-B,97.82,5862,102,86
2026-07-23,NC-01,NC-01-A,88.3,5995,121,106
2026-07-23,NC-01,NC-01-B,106.85,6246,105,95
2026-07-24,NC-01,NC-01-A,101.58,6804,140,122
2026-07-24,NC-01,NC-01-B,105.51,6167,88,77
2026-07-25,NC-01,NC-01-A,100.64,7676,125,110
2026-07-25,NC-01,NC-01-B,103.75,6235,99,85
2026-07-26,NC-01,NC-01-A,102.52,6149,114,98
2026-07-26,NC-01,NC-01-B,113.47,6862,125,110
2026-07-27,NC-01,NC-01-A,94.74,5826,121,111
2026-07-27,NC-01,NC-01-B,100.01,6279,95,83
2026-07-28,NC-01,NC-01-A,92.17,6310,114,99
2026-07-28,NC-01,NC-01-B,98.75,5780,86,78
2026-07-29,NC-01,NC-01-A,80.14,4798,99,90
2026-07-29,NC-01,NC-01-B,102.19,6566,113,91
2026-07-30,NC-01,NC-01-A,85.58,5706,89,84
2026-07-30,NC-01,NC-01-B,98.15,6584,105,92
2026-07-31,NC-01,NC-01-A,87.81,5431,122,104
2026-07-31,NC-01,NC-01-B,104.69,7013,111,96
2026-08-01,NC-01,NC-01-A,101.73,7253,139,120
2026-08-01,NC-01,NC-01-B,103.69,6183,86,77
2026-08-02,NC-01,NC-01-A,95.07,7295,117,103
2026-08-02,NC-01,NC-01-B,111.35,7992,120,105
2026-08-03,NC-01,NC-01-A,105.03,7494,122,106
2026-08-03,NC-01,NC-01-B,78.08,5703,85,74
2026-08-04,NC-01,NC-01-A,104.96,7161,137,118
2026-08-04,NC-01,NC-01-B,98.9,5880,89,82
2026-08-05,NC-01,NC-01-A,95.58,5769,121,109
2026-08-05,NC-01,NC-01-B,85.84,5465,82,69
2026-08-06,NC-01,NC-01-A,90.49,5388,99,87
2026-08-06,NC-01,NC-01-B,78.49,5157,82,72
2026-08-07,NC-01,NC-01-A,102.9,7116,146,130
2026-08-07,NC-01,NC-01-B,83.69,5208,70,65
2026-08-08,NC-01,NC-01-A,95.59,5801,108,94
2026-08-08,NC-01,NC-01-B,87.39,6066,85,74
2026-08-09,NC-01,NC-01-A,104.03,6291,116,104
2026-08-09,NC-01,NC-01-B,85.96,6357,109,94
2026-08-10,NC-01,NC-01-A,91.53,6321,135,112
2026-08-10,NC-01,NC-01-B,85.05,5641,73,65
2026-08-11,NC-01,NC-01-A,82.2,5071,88,80
2026-08-11,NC-01,NC-01-B,91.85,6396,97,84
2026-08-12,NC-01,NC-01-A,108.21,6977,130,113
2026-08-12,NC-01,NC-01-B,96.93,6075,100,91
2026-08-13,NC-01,NC-01-A,92.6,6917,110,98
2026-08-13,NC-01,NC-01-B,102.7,6533,105,94
2026-08-14,NC-01,NC-01-A,105.09,8183,179,156
2026-08-14,NC-01,NC-01-B,108.09,7412,135,121
2026-08-15,NC-01,NC-01-A,104.44,7285,119,112
2026-08-15,NC-01,NC-01-B,103.21,7509,134,112
2026-08-16,NC-01,NC-01-A,117.06,7637,142,126
2026-08-16,NC-01,NC-01-B,92.17,6991,105,90
2026-08-17,NC-01,NC-01-A,94.68,6636,110,93
2026-08-17,NC-01,NC-01-B,112.11,7461,117,105
2026-08-18,NC-01,NC-01-A,108.91,6454,98,81
2026-08-18,NC-01,NC-01-B,87.46,5571,87,76
2026-08-19,NC-01,NC-01-A,92.29,5588,110,105
2026-08-19,NC-01,NC-01-B,116.45,8130,132,119
2026-08-20,NC-01,NC-01-A,107.79,6900,129,117
2026-08-20,NC-01,NC-01-B,111.0,6552,92,80
2026-08-21,NC-01,NC-01-A,114.98,8940,151,132
2026-08-21,NC-01,NC-01-B,96.19,5718,91,87
2026-08-22,NC-01,NC-01-A,128.51,7911,148,128
2026-08-22,NC-01,NC-01-B,101.98,6590,89,73
2026-08-23,NC-01,NC-01-A,113.05,6926,148,138
2026-08-23,NC-01,NC-01-B,108.85,8226,129,121
2026-08-24,NC-01,NC-01-A,114.5,8052,146,128
2026-08-24,NC-01,NC-01-B,113.07,7105,115,100
2026-08-25,NC-01,NC-01-A,107.23,6569,118,105
2026-08-25,NC-01,NC-01-B,98.21,6317,83,73
2026-08-26,NC-01,NC-01-A,109.85,7410,134,120
2026-08-26,NC-01,NC-01-B,107.73,6927,116,101
2026-08-27,NC-01,NC-01-A,111.22,8542,164,145
2026-08-27,NC-01,NC-01-B,112.67,6668,83,75
2026-08-28,NC-01,NC-01-A,118.2,7168,111,92
2026-08-28,NC-01,NC-01-B,125.47,7597,113,96
2026-08-29,NC-01,NC-01-A,135.16,7958,131,115
2026-08-29,NC-01,NC-01-B,118.53,8967,138,125
2026-08-30,NC-01,NC-01-A,122.44,7798,146,124
2026-08-30,NC-01,NC-01-B,131.78,7957,112,105
2026-08-31,NC-01,NC-01-A,128.6,8159,149,127
2026-08-31,NC-01,NC-01-B,122.98,8877,161,151
2026-09-01,NC-01,NC-01-A,122.28,7865,136,115
2026-09-01,NC-01,NC-01-B,118.96,8192,119,105
2026-09-02,NC-01,NC-01-A,115.25,7738,154,133
2026-09-02,NC-01,NC-01-B,107.18,6876,104,94
2026-09-03,NC-01,NC-01-A,112.35,7570,136,124
2026-09-03,NC-01,NC-01-B,129.37,7812,105,92
2026-09-04,NC-01,NC-01-A,132.16,9019,165,144
2026-09-04,NC-01,NC-01-B,135.04,10507,154,128
2026-09-05,NC-01,NC-01-A,133.49,9729,199,178
2026-09-05,NC-01,NC-01-B,121.23,7122,108,98
2026-09-06,NC-01,NC-01-A,121.59,8179,135,118
2026-09-06,NC-01,NC-01-B,123.65,7378,128,110
2026-09-07,NC-01,NC-01-A,110.48,6845,112,98
2026-09-07,NC-01,NC-01-B,112.38,8053,120,107
2026-09-08,NC-01,NC-01-A,126.9,8890,165,139
2026-09-08,NC-01,NC-01-B,122.36,7445,92,78
2026-09-09,NC-01,NC-01-A,118.12,8702,151,132
2026-09-09,NC-01,NC-01-B,109.54,6523,98,89
2026-09-10,NC-01,NC-01-A,128.43,7495,133,119
2026-09-10,NC-01,NC-01-B,117.13,8332,133,115
2026-09-11,NC-01,NC-01-A,129.69,10124,194,176
2026-09-11,NC-01,NC-01-B,131.89,9961,159,146
2026-09-12,NC-01,NC-01-A,106.68,7817,144,133
2026-09-12,NC-01,NC-01-B,136.24,8670,143,124
2026-09-13,NC-01,NC-01-A,109.82,7049,150,126
2026-09-13,NC-01,NC-01-B,137.55,10204,152,133
2026-09-14,NC-01,NC-01-A,112.64,6757,123,106
2026-09-14,NC-01,NC-01-B,120.65,8055,124,111
2026-09-15,NC-01,NC-01-A,114.68,7036,134,116
2026-09-15,NC-01,NC-01-B,102.16,7039,120,103
2026-09-16,NC-01,NC-01-A,130.36,9025,165,143
2026-09-16,NC-01,NC-01-B,97.02,7410,113,100
2026-09-17,NC-01,NC-01-A,117.29,7357,127,119
2026-09-17,NC-01,NC-01-B,98.94,6197,104,97
2026-09-18,NC-01,NC-01-A,117.31,8747,126,112
2026-09-18,NC-01,NC-01-B,111.77,7363,123,102
2026-09-19,NC-01,NC-01-A,109.88,6684,124,116
2026-09-19,NC-01,NC-01-B,134.31,8883,140,116
2026-09-20,NC-01,NC-01-A,120.18,8037,164,149
2026-09-20,NC-01,NC-01-B,100.65,6484,100,91
2026-09-21,NC-01,NC-01-A,95.22,5937,125,108
2026-09-21,NC-01,NC-01-B,119.44,9029,130,117
2026-09-22,NC-01,NC-01-A,91.84,5410,89,84
2026-09-22,NC-01,NC-01-B,105.99,6739,83,74
2026-09-23,NC-01,NC-01-A,96.87,6144,94,84
2026-09-23,NC-01,NC-01-B,114.28,7181,104,90
2026-09-24,NC-01,NC-01-A,107.41,8402,167,148
2026-09-24,NC-01,NC-01-B,89.23,5759,92,70
2026-09-25,NC-01,NC-01-A,91.16,5952,126,112
2026-09-25,NC-01,NC-01-B,88.63,5921,93,85
2026-09-26,NC-01,NC-01-A,100.4,7736,144,117
2026-09-26,NC-01,NC-01-B,101.56,6305,85,75
2026-09-27,NC-01,NC-01-A,123.92,8427,157,145
2026-09-27,NC-01,NC-01-B,110.0,8505,114,100
2026-09-28,NC-01,NC-01-A,105.43,6466,99,89
2026-09-28,NC-01,NC-01-B,92.06,6324,92,83
2026-09-29,NC-01,NC-01-A,102.62,7220,130,118
2026-09-29,NC-01,NC-01-B,86.43,6759,107,91
2026-09-30,NC-01,NC-01-A,98.79,6925,111,103
2026-09-30,NC-01,NC-01-B,105.62,8052,118,107
2026-04-04,NC-02,NC-02-A,110.52,8617,252,223
2026-04-04,NC-02,NC-02-B,111.21,9703,220,196
2026-04-05,NC-02,NC-02-A,101.77,7454,237,212
2026-04-05,NC-02,NC-02-B,90.51,8124,175,156
2026-04-06,NC-02,NC-02-A,106.73,8487,266,236
2026-04-06,NC-02,NC-02-B,84.75,6815,157,130
2026-04-07,NC-02,NC-02-A,109.91,9356,275,249
2026-04-07,NC-02,NC-02-B,86.7,6139,145,134
2026-04-08,NC-02,NC-02-A,94.88,8048,237,211
2026-04-08,NC-02,NC-02-B,93.41,7085,166,144
2026-04-09,NC-02,NC-02-A,104.44,9265,253,218
2026-04-09,NC-02,NC-02-B,83.49,6368,168,144
2026-04-10,NC-02,NC-02-A,111.46,8999,287,246
2026-04-10,NC-02,NC-02-B,98.26,7339,179,158
2026-04-11,NC-02,NC-02-A,90.28,6753,181,156
2026-04-11,NC-02,NC-02-B,116.1,10186,247,220
2026-04-12,NC-02,NC-02-A,111.49,9502,273,235
2026-04-12,NC-02,NC-02-B,103.32,7469,170,152
2026-04-13,NC-02,NC-02-A,86.88,7058,202,177
2026-04-13,NC-02,NC-02-B,94.4,7484,197,180
2026-04-14,NC-02,NC-02-A,94.58,7640,239,207
2026-04-14,NC-02,NC-02-B,105.01,8815,212,187
2026-04-15,NC-02,NC-02-A,87.79,6538,215,192
2026-04-15,NC-02,NC-02-B,103.54,8904,211,187
2026-04-16,NC-02,NC-02-A,118.28,9356,274,235
2026-04-16,NC-02,NC-02-B,104.09,7141,183,166
2026-04-17,NC-02,NC-02-A,89.33,7125,203,174
2026-04-17,NC-02,NC-02-B,107.6,8853,229,192
2026-04-18,NC-02,NC-02-A,114.98,8308,230,209
2026-04-18,NC-02,NC-02-B,118.24,8305,227,204
2026-04-19,NC-02,NC-02-A,124.48,9665,299,261
2026-04-19,NC-02,NC-02-B,112.84,8169,226,195
2026-04-20,NC-02,NC-02-A,100.46,7012,204,176
2026-04-20,NC-02,NC-02-B,90.8,7919,203,172
2026-04-21,NC-02,NC-02-A,100.0,6855,200,181
2026-04-21,NC-02,NC-02-B,91.33,8214,204,177
2026-04-22,NC-02,NC-02-A,107.61,9704,294,257
2026-04-22,NC-02,NC-02-B,116.34,8521,205,183
2026-04-23,NC-02,NC-02-A,118.35,9909,288,253
2026-04-23,NC-02,NC-02-B,115.45,8935,241,207
2026-04-24,NC-02,NC-02-A,94.34,7841,238,204
2026-04-24,NC-02,NC-02-B,103.05,9279,231,200
2026-04-25,NC-02,NC-02-A,107.37,9403,274,250
2026-04-25,NC-02,NC-02-B,102.12,8930,221,193
2026-04-26,NC-02,NC-02-A,101.08,8163,220,196
2026-04-26,NC-02,NC-02-B,109.35,9810,235,216
2026-04-27,NC-02,NC-02-A,88.46,6354,196,166
2026-04-27,NC-02,NC-02-B,93.27,6473,151,135
2026-04-28,NC-02,NC-02-A,101.1,7122,223,201
2026-04-28,NC-02,NC-02-B,95.78,6689,162,142
2026-04-29,NC-02,NC-02-A,106.92,8672,243,223
2026-04-29,NC-02,NC-02-B,113.52,7761,203,182
2026-04-30,NC-02,NC-02-A,88.64,6061,200,174
2026-04-30,NC-02,NC-02-B,113.25,7788,200,168
2026-05-01,NC-02,NC-02-A,111.32,9213,279,232
2026-05-01,NC-02,NC-02-B,94.11,6802,155,129
2026-05-02,NC-02,NC-02-A,96.69,8221,256,230
2026-05-02,NC-02,NC-02-B,119.08,10128,247,223
2026-05-03,NC-02,NC-02-A,109.44,8347,284,242
2026-05-03,NC-02,NC-02-B,104.62,9272,213,188
2026-05-04,NC-02,NC-02-A,111.64,8267,223,193
2026-05-04,NC-02,NC-02-B,111.08,8089,204,178
2026-05-05,NC-02,NC-02-A,94.41,6677,199,181
2026-05-05,NC-02,NC-02-B,84.25,6393,157,134
2026-05-06,NC-02,NC-02-A,81.94,7052,198,169
2026-05-06,NC-02,NC-02-B,108.27,8240,214,200
2026-05-07,NC-02,NC-02-A,97.78,7313,220,190
2026-05-07,NC-02,NC-02-B,88.55,7005,170,148
2026-05-08,NC-02,NC-02-A,82.79,6636,213,183
2026-05-08,NC-02,NC-02-B,90.41,7320,163,147
2026-05-09,NC-02,NC-02-A,91.67,8285,253,222
2026-05-09,NC-02,NC-02-B,87.83,7251,183,165
2026-05-10,NC-02,NC-02-A,103.06,8061,244,221
2026-05-10,NC-02,NC-02-B,106.83,7570,190,166
2026-05-11,NC-02,NC-02-A,96.36,7255,220,183
2026-05-11,NC-02,NC-02-B,85.42,6210,154,139
2026-05-12,NC-02,NC-02-A,81.56,7198,203,170
2026-05-12,NC-02,NC-02-B,92.97,6991,158,135
2026-05-13,NC-02,NC-02-A,79.38,7055,183,148
2026-05-13,NC-02,NC-02-B,91.65,7107,188,162
2026-05-14,NC-02,NC-02-A,88.68,7053,202,182
2026-05-14,NC-02,NC-02-B,88.94,6150,158,148
2026-05-15,NC-02,NC-02-A,74.99,5116,162,142
2026-05-15,NC-02,NC-02-B,89.58,7850,182,159
2026-05-16,NC-02,NC-02-A,81.63,7211,201,171
2026-05-16,NC-02,NC-02-B,87.83,6055,127,113
2026-05-17,NC-02,NC-02-A,95.74,8455,237,209
2026-05-17,NC-02,NC-02-B,83.94,7444,198,170
2026-05-18,NC-02,NC-02-A,83.52,6897,186,170
2026-05-18,NC-02,NC-02-B,78.09,5329,123,106
2026-05-19,NC-02,NC-02-A,83.42,6932,218,196
2026-05-19,NC-02,NC-02-B,94.96,7997,211,184
2026-05-20,NC-02,NC-02-A,82.8,5563,170,156
2026-05-20,NC-02,NC-02-B,83.44,6852,165,142
2026-05-21,NC-02,NC-02-A,71.54,5536,175,163
2026-05-21,NC-02,NC-02-B,78.51,6454,141,121
2026-05-22,NC-02,NC-02-A,83.73,6259,180,159
2026-05-22,NC-02,NC-02-B,89.52,6000,143,121
2026-05-23,NC-02,NC-02-A,97.73,7952,207,175
2026-05-23,NC-02,NC-02-B,90.85,7015,168,151
2026-05-24,NC-02,NC-02-A,99.59,6713,181,165
2026-05-24,NC-02,NC-02-B,93.74,6332,152,132
2026-05-25,NC-02,NC-02-A,85.71,7006,220,192
2026-05-25,NC-02,NC-02-B,91.2,6587,160,149
2026-05-26,NC-02,NC-02-A,85.42,7129,219,197
2026-05-26,NC-02,NC-02-B,87.1,6031,151,135
2026-05-27,NC-02,NC-02-A,91.0,8176,253,231
2026-05-27,NC-02,NC-02-B,85.96,6069,167,144
2026-05-28,NC-02,NC-02-A,78.15,6623,171,150
2026-05-28,NC-02,NC-02-B,79.39,5898,152,133
2026-05-29,NC-02,NC-02-A,69.46,5347,154,139
2026-05-29,NC-02,NC-02-B,82.17,6871,165,147
2026-05-30,NC-02,NC-02-A,82.26,5713,181,162
2026-05-30,NC-02,NC-02-B,84.48,7422,199,166
2026-05-31,NC-02,NC-02-A,80.33,5538,156,138
2026-05-31,NC-02,NC-02-B,89.66,7271,182,151
2026-06-01,NC-02,NC-02-A,89.07,7629,218,197
2026-06-01,NC-02,NC-02-B,89.68,7239,161,146
2026-06-02,NC-02,NC-02-A,84.32,6139,181,162
2026-06-02,NC-02,NC-02-B,89.11,7164,163,146
2026-06-03,NC-02,NC-02-A,92.63,6342,189,168
2026-06-03,NC-02,NC-02-B,92.54,8110,205,183
2026-06-04,NC-02,NC-02-A,72.8,6525,193,175
2026-06-04,NC-02,NC-02-B,87.38,6805,172,153
2026-06-05,NC-02,NC-02-A,95.74,8143,221,193
2026-06-05,NC-02,NC-02-B,86.52,6424,146,123
2026-06-06,NC-02,NC-02-A,90.98,7984,252,221
2026-06-06,NC-02,NC-02-B,102.93,8776,229,203
2026-06-07,NC-02,NC-02-A,103.42,7985,250,222
2026-06-07,NC-02,NC-02-B,90.64,6704,162,150
2026-06-08,NC-02,NC-02-A,80.19,6340,175,157
2026-06-08,NC-02,NC-02-B,79.47,5723,150,132
2026-06-09,NC-02,NC-02-A,101.65,7596,227,204
2026-06-09,NC-02,NC-02-B,98.64,8880,215,188
2026-06-10,NC-02,NC-02-A,97.99,7807,233,203
2026-06-10,NC-02,NC-02-B,92.24,6332,186,163
2026-06-11,NC-02,NC-02-A,85.8,6527,194,167
2026-06-11,NC-02,NC-02-B,86.22,7469,173,151
2026-06-12,NC-02,NC-02-A,81.98,6752,203,178
2026-06-12,NC-02,NC-02-B,81.46,6297,166,152
2026-06-13,NC-02,NC-02-A,96.05,6551,210,185
2026-06-13,NC-02,NC-02-B,86.6,7139,163,145
2026-06-14,NC-02,NC-02-A,109.19,9661,259,227
2026-06-14,NC-02,NC-02-B,109.07,7478,179,158
2026-06-15,NC-02,NC-02-A,91.26,6190,167,146
2026-06-15,NC-02,NC-02-B,81.53,6438,179,161
2026-06-16,NC-02,NC-02-A,103.96,7779,249,221
2026-06-16,NC-02,NC-02-B,99.03,8653,225,188
2026-06-17,NC-02,NC-02-A,93.79,7561,214,185
2026-06-17,NC-02,NC-02-B,89.61,6064,145,133
2026-06-18,NC-02,NC-02-A,113.38,8019,251,220
2026-06-18,NC-02,NC-02-B,103.98,7453,161,141
2026-06-19,NC-02,NC-02-A,87.52,6704,166,137
2026-06-19,NC-02,NC-02-B,108.29,9571,254,221
2026-06-20,NC-02,NC-02-A,110.25,9708,287,256
2026-06-20,NC-02,NC-02-B,94.77,7290,199,171
2026-06-21,NC-02,NC-02-A,100.95,7700,218,197
2026-06-21,NC-02,NC-02-B,100.3,8094,210,188
2026-06-22,NC-02,NC-02-A,115.59,7847,232,196
2026-06-22,NC-02,NC-02-B,93.33,6550,139,119
2026-06-23,NC-02,NC-02-A,117.11,10138,281,242
2026-06-23,NC-02,NC-02-B,102.01,6963,167,150
2026-06-24,NC-02,NC-02-A,103.13,7331,198,179
2026-06-24,NC-02,NC-02-B,108.88,8489,208,183
2026-06-25,NC-02,NC-02-A,113.73,8565,245,209
2026-06-25,NC-02,NC-02-B,91.26,6802,158,137
2026-06-26,NC-02,NC-02-A,106.35,9184,278,236
2026-06-26,NC-02,NC-02-B,94.37,8126,214,185
2026-06-27,NC-02,NC-02-A,99.92,6864,186,166
2026-06-27,NC-02,NC-02-B,113.11,9515,257,222
2026-06-28,NC-02,NC-02-A,114.66,8926,268,231
2026-06-28,NC-02,NC-02-B,106.08,7578,210,184
2026-06-29,NC-02,NC-02-A,101.97,8059,240,207
2026-06-29,NC-02,NC-02-B,104.56,9258,225,197
2026-06-30,NC-02,NC-02-A,106.0,7830,248,219
2026-06-30,NC-02,NC-02-B,90.94,6604,180,163
2026-07-01,NC-02,NC-02-A,100.6,8614,250,219
2026-07-01,NC-02,NC-02-B,105.14,9456,225,200
2026-07-02,NC-02,NC-02-A,113.39,9418,251,227
2026-07-02,NC-02,NC-02-B,88.98,6970,159,138
2026-07-03,NC-02,NC-02-A,98.79,7833,260,228
2026-07-03,NC-02,NC-02-B,95.26,7025,164,148
2026-07-04,NC-02,NC-02-A,96.78,6906,205,182
2026-07-04,NC-02,NC-02-B,96.41,7537,201,179
2026-07-05,NC-02,NC-02-A,106.05,8725,264,234
2026-07-05,NC-02,NC-02-B,122.47,8269,179,160
2026-07-06,NC-02,NC-02-A,100.89,8413,250,222
2026-07-06,NC-02,NC-02-B,89.07,6757,174,146
2026-07-07,NC-02,NC-02-A,113.62,8919,258,216
2026-07-07,NC-02,NC-02-B,105.63,8800,229,202
2026-07-08,NC-02,NC-02-A,87.14,6122,188,168
2026-07-08,NC-02,NC-02-B,96.69,6485,164,153
2026-07-09,NC-02,NC-02-A,102.47,7426,189,167
2026-07-09,NC-02,NC-02-B,111.18,8877,215,200
2026-07-10,NC-02,NC-02-A,103.85,7703,222,191
2026-07-10,NC-02,NC-02-B,100.96,7457,197,170
2026-07-11,NC-02,NC-02-A,113.86,8395,260,233
2026-07-11,NC-02,NC-02-B,104.64,9295,250,221
2026-07-12,NC-02,NC-02-A,105.81,8803,248,218
2026-07-12,NC-02,NC-02-B,98.97,7554,186,162
2026-07-13,NC-02,NC-02-A,103.44,9288,281,250
2026-07-13,NC-02,NC-02-B,109.99,9333,221,180
2026-07-14,NC-02,NC-02-A,100.71,8097,233,208
2026-07-14,NC-02,NC-02-B,83.34,6470,164,136
2026-07-15,NC-02,NC-02-A,100.34,8159,228,199
2026-07-15,NC-02,NC-02-B,87.69,6183,145,126
2026-07-16,NC-02,NC-02-A,96.24,7599,229,197
2026-07-16,NC-02,NC-02-B,101.97,8178,188,172
2026-07-17,NC-02,NC-02-A,101.76,7944,234,204
2026-07-17,NC-02,NC-02-B,97.75,6618,159,140
2026-07-18,NC-02,NC-02-A,86.82,6011,176,153
2026-07-18,NC-02,NC-02-B,103.56,8277,205,179
2026-07-19,NC-02,NC-02-A,94.46,6473,195,157
2026-07-19,NC-02,NC-02-B,103.41,7840,185,162
2026-07-20,NC-02,NC-02-A,101.06,6874,203,183
2026-07-20,NC-02,NC-02-B,91.39,7698,191,166
2026-07-21,NC-02,NC-02-A,87.82,6945,212,181
2026-07-21,NC-02,NC-02-B,84.61,5946,155,133
2026-07-22,NC-02,NC-02-A,76.08,6062,163,146
2026-07-22,NC-02,NC-02-B,80.4,5635,132,117
2026-07-23,NC-02,NC-02-A,74.41,6218,196,169
2026-07-23,NC-02,NC-02-B,86.82,6387,163,147
2026-07-24,NC-02,NC-02-A,97.8,7572,212,181
2026-07-24,NC-02,NC-02-B,80.24,7029,173,149
2026-07-25,NC-02,NC-02-A,80.68,5992,173,156
2026-07-25,NC-02,NC-02-B,85.86,7157,178,151
2026-07-26,NC-02,NC-02-A,82.91,6470,182,156
2026-07-26,NC-02,NC-02-B,88.9,6752,169,153
2026-07-27,NC-02,NC-02-A,75.36,6466,187,164
2026-07-27,NC-02,NC-02-B,90.48,7784,209,184
2026-07-28,NC-02,NC-02-A,73.78,6511,190,164
2026-07-28,NC-02,NC-02-B,83.9,6445,132,114
2026-07-29,NC-02,NC-02-A,80.05,6926,210,188
2026-07-29,NC-02,NC-02-B,71.06,5793,149,126
2026-07-30,NC-02,NC-02-A,88.86,6801,185,159
2026-07-30,NC-02,NC-02-B,75.37,5347,90,77
2026-07-31,NC-02,NC-02-A,82.95,7484,206,182
2026-07-31,NC-02,NC-02-B,80.53,6518,142,126
2026-08-01,NC-02,NC-02-A,99.16,8014,227,197
2026-08-01,NC-02,NC-02-B,87.8,6010,139,128
2026-08-02,NC-02,NC-02-A,77.38,6343,216,192
2026-08-02,NC-02,NC-02-B,86.72,6741,185,162
2026-08-03,NC-02,NC-02-A,69.34,5856,177,157
2026-08-03,NC-02,NC-02-B,79.78,6726,175,153
2026-08-04,NC-02,NC-02-A,91.21,7253,237,209
2026-08-04,NC-02,NC-02-B,75.72,6718,167,148
2026-08-05,NC-02,NC-02-A,74.85,6701,199,180
2026-08-05,NC-02,NC-02-B,86.79,6274,159,136
2026-08-06,NC-02,NC-02-A,80.46,7264,226,200
2026-08-06,NC-02,NC-02-B,91.78,7692,181,155
2026-08-07,NC-02,NC-02-A,70.71,5461,132,115
2026-08-07,NC-02,NC-02-B,84.57,7266,174,149
2026-08-08,NC-02,NC-02-A,83.79,6525,200,169
2026-08-08,NC-02,NC-02-B,90.74,7274,187,163
2026-08-09,NC-02,NC-02-A,80.3,7082,229,203
2026-08-09,NC-02,NC-02-B,93.4,6826,168,147
2026-08-10,NC-02,NC-02-A,94.76,7313,228,207
2026-08-10,NC-02,NC-02-B,80.65,6453,141,119
2026-08-11,NC-02,NC-02-A,93.43,8436,246,213
2026-08-11,NC-02,NC-02-B,72.73,5995,148,128
2026-08-12,NC-02,NC-02-A,82.15,6223,180,154
2026-08-12,NC-02,NC-02-B,93.64,6783,184,156
2026-08-13,NC-02,NC-02-A,80.74,6566,170,146
2026-08-13,NC-02,NC-02-B,79.5,7041,171,144
2026-08-14,NC-02,NC-02-A,87.17,7255,196,177
2026-08-14,NC-02,NC-02-B,79.7,5806,153,132
2026-08-15,NC-02,NC-02-A,88.6,7687,249,220
2026-08-15,NC-02,NC-02-B,104.73,7777,166,153
2026-08-16,NC-02,NC-02-A,96.34,7294,259,225
2026-08-16,NC-02,NC-02-B,97.81,8800,233,207
2026-08-17,NC-02,NC-02-A,99.68,8530,240,219
2026-08-17,NC-02,NC-02-B,77.38,5388,160,147
2026-08-18,NC-02,NC-02-A,81.16,6717,225,204
2026-08-18,NC-02,NC-02-B,96.07,7803,189,168
2026-08-19,NC-02,NC-02-A,77.98,6792,172,153
2026-08-19,NC-02,NC-02-B,86.64,7586,182,160
2026-08-20,NC-02,NC-02-A,92.89,7802,233,204
2026-08-20,NC-02,NC-02-B,91.33,6660,148,132
2026-08-21,NC-02,NC-02-A,104.85,7846,222,195
2026-08-21,NC-02,NC-02-B,86.44,6399,168,148
2026-08-22,NC-02,NC-02-A,115.28,8415,240,208
2026-08-22,NC-02,NC-02-B,94.14,6619,153,132
2026-08-23,NC-02,NC-02-A,105.26,7068,218,196
2026-08-23,NC-02,NC-02-B,95.39,7567,158,139
2026-08-24,NC-02,NC-02-A,93.87,6493,193,167
2026-08-24,NC-02,NC-02-B,95.94,7684,170,149
2026-08-25,NC-02,NC-02-A,105.51,7548,239,211
2026-08-25,NC-02,NC-02-B,104.56,8902,235,201
2026-08-26,NC-02,NC-02-A,91.87,7577,242,217
2026-08-26,NC-02,NC-02-B,98.64,7057,196,175
2026-08-27,NC-02,NC-02-A,107.45,7351,208,184
2026-08-27,NC-02,NC-02-B,99.0,8821,215,191
2026-08-28,NC-02,NC-02-A,92.41,6887,190,167
2026-08-28,NC-02,NC-02-B,115.18,7711,225,203
2026-08-29,NC-02,NC-02-A,114.01,7952,223,195
2026-08-29,NC-02,NC-02-B,105.53,8775,207,177
2026-08-30,NC-02,NC-02-A,104.42,7550,227,203
2026-08-30,NC-02,NC-02-B,123.87,11029,251,220
2026-08-31,NC-02,NC-02-A,95.0,8577,258,230
2026-08-31,NC-02,NC-02-B,108.82,9695,227,199
2026-09-01,NC-02,NC-02-A,118.15,9061,284,253
2026-09-01,NC-02,NC-02-B,107.61,7789,205,176
2026-09-02,NC-02,NC-02-A,92.38,7697,218,198
2026-09-02,NC-02,NC-02-B,103.02,7420,168,148
2026-09-03,NC-02,NC-02-A,104.71,7596,213,182
2026-09-03,NC-02,NC-02-B,107.7,8874,233,204
2026-09-04,NC-02,NC-02-A,96.43,6627,190,164
2026-09-04,NC-02,NC-02-B,91.15,6290,164,143
2026-09-05,NC-02,NC-02-A,104.14,7265,194,163
2026-09-05,NC-02,NC-02-B,97.07,7291,190,171
2026-09-06,NC-02,NC-02-A,105.29,7204,207,187
2026-09-06,NC-02,NC-02-B,127.31,8976,222,195
2026-09-07,NC-02,NC-02-A,104.99,9433,309,276
2026-09-07,NC-02,NC-02-B,104.83,8000,201,182
2026-09-08,NC-02,NC-02-A,108.0,8140,233,211
2026-09-08,NC-02,NC-02-B,118.32,8125,216,178
2026-09-09,NC-02,NC-02-A,119.65,10066,265,232
2026-09-09,NC-02,NC-02-B,113.28,9253,209,192
2026-09-10,NC-02,NC-02-A,108.77,7850,219,188
2026-09-10,NC-02,NC-02-B,117.6,8935,213,192
2026-09-11,NC-02,NC-02-A,119.01,10311,286,257
2026-09-11,NC-02,NC-02-B,113.47,7769,180,151
2026-09-12,NC-02,NC-02-A,118.01,8631,286,247
2026-09-12,NC-02,NC-02-B,118.66,8087,233,205
2026-09-13,NC-02,NC-02-A,97.51,6945,209,180
2026-09-13,NC-02,NC-02-B,118.33,8452,211,185
2026-09-14,NC-02,NC-02-A,113.27,8154,226,196
2026-09-14,NC-02,NC-02-B,102.49,7864,196,166
2026-09-15,NC-02,NC-02-A,112.37,8413,245,222
2026-09-15,NC-02,NC-02-B,97.8,8595,234,207
2026-09-16,NC-02,NC-02-A,92.87,7155,203,186
2026-09-16,NC-02,NC-02-B,96.54,7011,187,169
2026-09-17,NC-02,NC-02-A,97.56,8072,224,195
2026-09-17,NC-02,NC-02-B,84.77,7345,180,157
2026-09-18,NC-02,NC-02-A,94.59,8378,220,206
2026-09-18,NC-02,NC-02-B,94.83,7494,206,186
2026-09-19,NC-02,NC-02-A,107.39,8475,232,209
2026-09-19,NC-02,NC-02-B,99.83,8170,212,186
2026-09-20,NC-02,NC-02-A,99.78,7074,208,184
2026-09-20,NC-02,NC-02-B,109.93,8345,197,178
2026-09-21,NC-02,NC-02-A,107.92,8668,259,216
2026-09-21,NC-02,NC-02-B,90.48,6672,171,157
2026-09-22,NC-02,NC-02-A,101.23,8498,259,229
2026-09-22,NC-02,NC-02-B,97.88,7658,189,165
2026-09-23,NC-02,NC-02-A,99.31,6912,231,204
2026-09-23,NC-02,NC-02-B,98.0,7558,189,163
2026-09-24,NC-02,NC-02-A,85.85,6751,192,167
2026-09-24,NC-02,NC-02-B,104.88,7569,211,195
2026-09-25,NC-02,NC-02-A,101.02,8011,248,224
2026-09-25,NC-02,NC-02-B,95.25,7105,171,148
2026-09-26,NC-02,NC-02-A,104.72,7101,203,175
2026-09-26,NC-02,NC-02-B,87.18,7497,195,172
2026-09-27,NC-02,NC-02-A,82.55,7040,192,163
2026-09-27,NC-02,NC-02-B,103.43,8668,212,184
2026-09-28,NC-02,NC-02-A,97.45,8423,244,206
2026-09-28,NC-02,NC-02-B,95.94,7508,178,157
2026-09-29,NC-02,NC-02-A,84.3,5861,182,160
2026-09-29,NC-02,NC-02-B,98.15,7083,163,146
2026-09-30,NC-02,NC-02-A,87.6,7263,253,220
2026-09-30,NC-02,NC-02-B,79.43,5339,146,127
2026-04-04,NC-03,NC-03-A,47.97,4818,72,58
2026-04-04,NC-03,NC-03-B,56.38,6387,53,42
2026-04-05,NC-03,NC-03-A,47.21,5380,62,57
2026-04-05,NC-03,NC-03-B,51.84,6300,73,63
2026-04-06,NC-03,NC-03-A,44.34,5100,66,62
2026-04-06,NC-03,NC-03-B,48.82,6134,75,71
2026-04-07,NC-03,NC-03-A,52.07,5149,61,55
2026-04-07,NC-03,NC-03-B,43.46,4201,42,41
2026-04-08,NC-03,NC-03-A,44.77,4420,59,51
2026-04-08,NC-03,NC-03-B,53.87,6016,64,55
2026-04-09,NC-03,NC-03-A,49.93,5481,75,67
2026-04-09,NC-03,NC-03-B,49.49,5981,72,63
2026-04-10,NC-03,NC-03-A,51.41,5642,73,61
2026-04-10,NC-03,NC-03-B,47.52,4603,49,43
2026-04-11,NC-03,NC-03-A,57.89,5926,80,73
2026-04-11,NC-03,NC-03-B,59.49,6301,65,58
2026-04-12,NC-03,NC-03-A,54.05,5542,71,57
2026-04-12,NC-03,NC-03-B,57.1,6567,71,63
2026-04-13,NC-03,NC-03-A,55.45,7067,96,83
2026-04-13,NC-03,NC-03-B,54.42,6222,67,58
2026-04-14,NC-03,NC-03-A,57.15,5757,66,57
2026-04-14,NC-03,NC-03-B,52.94,6692,84,76
2026-04-15,NC-03,NC-03-A,59.77,6290,81,71
2026-04-15,NC-03,NC-03-B,52.2,5612,77,64
2026-04-16,NC-03,NC-03-A,57.89,6051,73,65
2026-04-16,NC-03,NC-03-B,58.88,6607,55,47
2026-04-17,NC-03,NC-03-A,60.07,7707,111,103
2026-04-17,NC-03,NC-03-B,57.84,6083,74,64
2026-04-18,NC-03,NC-03-A,51.06,5370,74,68
2026-04-18,NC-03,NC-03-B,61.26,7485,75,64
2026-04-19,NC-03,NC-03-A,52.78,5144,71,62
2026-04-19,NC-03,NC-03-B,60.8,7852,75,72
2026-04-20,NC-03,NC-03-A,51.8,6300,82,65
2026-04-20,NC-03,NC-03-B,48.53,4996,49,43
2026-04-21,NC-03,NC-03-A,55.12,6487,84,75
2026-04-21,NC-03,NC-03-B,56.32,5724,60,51
2026-04-22,NC-03,NC-03-A,59.52,6369,79,67
2026-04-22,NC-03,NC-03-B,49.37,5360,53,45
2026-04-23,NC-03,NC-03-A,59.2,7445,89,83
2026-04-23,NC-03,NC-03-B,60.94,6276,77,67
2026-04-24,NC-03,NC-03-A,46.87,5646,77,71
2026-04-24,NC-03,NC-03-B,54.66,5396,50,40
2026-04-25,NC-03,NC-03-A,53.12,5827,76,69
2026-04-25,NC-03,NC-03-B,58.18,7466,81,73
2026-04-26,NC-03,NC-03-A,50.91,6234,74,64
2026-04-26,NC-03,NC-03-B,60.88,6839,73,67
2026-04-27,NC-03,NC-03-A,60.28,6321,81,66
2026-04-27,NC-03,NC-03-B,59.75,6266,83,74
2026-04-28,NC-03,NC-03-A,52.57,6794,86,71
2026-04-28,NC-03,NC-03-B,46.9,4911,57,48
2026-04-29,NC-03,NC-03-A,59.5,6114,73,63
2026-04-29,NC-03,NC-03-B,53.28,6512,71,63
2026-04-30,NC-03,NC-03-A,55.57,6258,87,77
2026-04-30,NC-03,NC-03-B,58.77,6248,68,60
2026-05-01,NC-03,NC-03-A,46.86,5111,71,60
2026-05-01,NC-03,NC-03-B,52.97,5409,60,51
2026-05-02,NC-03,NC-03-A,51.71,5054,63,56
2026-05-02,NC-03,NC-03-B,50.91,6134,71,64
2026-05-03,NC-03,NC-03-A,56.71,5790,82,75
2026-05-03,NC-03,NC-03-B,54.73,5884,66,58
2026-05-04,NC-03,NC-03-A,55.62,6677,84,76
2026-05-04,NC-03,NC-03-B,49.33,4809,55,49
2026-05-05,NC-03,NC-03-A,52.39,6111,74,69
2026-05-05,NC-03,NC-03-B,43.76,5005,54,53
2026-05-06,NC-03,NC-03-A,48.48,6285,81,72
2026-05-06,NC-03,NC-03-B,50.17,6493,77,63
2026-05-07,NC-03,NC-03-A,51.99,5682,84,75
2026-05-07,NC-03,NC-03-B,49.22,5516,61,56
2026-05-08,NC-03,NC-03-A,42.38,5318,69,62
2026-05-08,NC-03,NC-03-B,43.92,5503,69,62
2026-05-09,NC-03,NC-03-A,54.81,5424,78,73
2026-05-09,NC-03,NC-03-B,44.41,5013,53,46
2026-05-10,NC-03,NC-03-A,53.53,5542,66,59
2026-05-10,NC-03,NC-03-B,44.45,5455,55,51
2026-05-11,NC-03,NC-03-A,43.78,5327,59,52
2026-05-11,NC-03,NC-03-B,41.16,5228,67,56
2026-05-12,NC-03,NC-03-A,39.59,4143,55,51
2026-05-12,NC-03,NC-03-B,45.05,5389,66,57
2026-05-13,NC-03,NC-03-A,45.17,5488,74,66
2026-05-13,NC-03,NC-03-B,43.61,5682,46,41
2026-05-14,NC-03,NC-03-A,42.22,4133,53,46
2026-05-14,NC-03,NC-03-B,42.78,5489,54,46
2026-05-15,NC-03,NC-03-A,44.57,4987,55,51
2026-05-15,NC-03,NC-03-B,37.96,4591,58,49
2026-05-16,NC-03,NC-03-A,44.77,5237,72,64
2026-05-16,NC-03,NC-03-B,42.46,4757,54,49
2026-05-17,NC-03,NC-03-A,52.71,5436,65,57
2026-05-17,NC-03,NC-03-B,47.62,4803,60,53
2026-05-18,NC-03,NC-03-A,40.02,4429,63,56
2026-05-18,NC-03,NC-03-B,42.91,5529,53,47
2026-05-19,NC-03,NC-03-A,41.47,4150,54,49
2026-05-19,NC-03,NC-03-B,42.6,5160,63,59
2026-05-20,NC-03,NC-03-A,36.83,3665,50,45
2026-05-20,NC-03,NC-03-B,47.9,5827,72,69
2026-05-21,NC-03,NC-03-A,36.47,4148,59,54
2026-05-21,NC-03,NC-03-B,47.58,5756,51,44
2026-05-22,NC-03,NC-03-A,47.21,5303,64,55
2026-05-22,NC-03,NC-03-B,40.37,3966,48,41
2026-05-23,NC-03,NC-03-A,45.3,4446,55,49
2026-05-23,NC-03,NC-03-B,51.39,5414,57,52
2026-05-24,NC-03,NC-03-A,49.18,5927,81,66
2026-05-24,NC-03,NC-03-B,48.79,5993,58,52
2026-05-25,NC-03,NC-03-A,45.9,5002,74,62
2026-05-25,NC-03,NC-03-B,45.69,4700,57,50
2026-05-26,NC-03,NC-03-A,41.94,4697,58,48
2026-05-26,NC-03,NC-03-B,38.71,4602,43,38
2026-05-27,NC-03,NC-03-A,39.37,3821,48,44
2026-05-27,NC-03,NC-03-B,41.86,4817,61,49
2026-05-28,NC-03,NC-03-A,47.07,5928,81,75
2026-05-28,NC-03,NC-03-B,37.27,3684,35,31
2026-05-29,NC-03,NC-03-A,37.67,4261,71,63
2026-05-29,NC-03,NC-03-B,43.56,5245,49,44
2026-05-30,NC-03,NC-03-A,43.91,5281,80,68
2026-05-30,NC-03,NC-03-B,45.04,4487,49,43
2026-05-31,NC-03,NC-03-A,49.2,5149,64,60
2026-05-31,NC-03,NC-03-B,42.57,4123,44,42
2026-06-01,NC-03,NC-03-A,43.22,5053,68,59
2026-06-01,NC-03,NC-03-B,42.25,4429,33,27
2026-06-02,NC-03,NC-03-A,47.73,4749,62,57
2026-06-02,NC-03,NC-03-B,48.06,5019,67,62
2026-06-03,NC-03,NC-03-A,41.95,4509,56,48
2026-06-03,NC-03,NC-03-B,39.02,4085,50,44
2026-06-04,NC-03,NC-03-A,36.97,4155,59,53
2026-06-04,NC-03,NC-03-B,44.72,4734,50,44
2026-06-05,NC-03,NC-03-A,41.12,4066,54,46
2026-06-05,NC-03,NC-03-B,46.82,5994,56,47
2026-06-06,NC-03,NC-03-A,54.27,6014,85,76
2026-06-06,NC-03,NC-03-B,54.2,6313,52,46
2026-06-07,NC-03,NC-03-A,52.98,6773,80,69
2026-06-07,NC-03,NC-03-B,40.87,5066,55,49
2026-06-08,NC-03,NC-03-A,49.52,4803,66,52
2026-06-08,NC-03,NC-03-B,46.7,5889,85,76
2026-06-09,NC-03,NC-03-A,46.01,4873,68,61
2026-06-09,NC-03,NC-03-B,42.55,5134,56,49
2026-06-10,NC-03,NC-03-A,51.64,5772,88,81
2026-06-10,NC-03,NC-03-B,42.04,4511,46,40
2026-06-11,NC-03,NC-03-A,41.46,5359,62,59
2026-06-11,NC-03,NC-03-B,51.16,6508,56,50
2026-06-12,NC-03,NC-03-A,40.51,4523,54,49
2026-06-12,NC-03,NC-03-B,41.93,5161,43,39
2026-06-13,NC-03,NC-03-A,51.4,6110,87,75
2026-06-13,NC-03,NC-03-B,45.16,5206,52,44
2026-06-14,NC-03,NC-03-A,56.74,7203,86,73
2026-06-14,NC-03,NC-03-B,55.0,6500,64,58
2026-06-15,NC-03,NC-03-A,48.96,5810,66,60
2026-06-15,NC-03,NC-03-B,48.98,5201,46,39
2026-06-16,NC-03,NC-03-A,49.37,6183,70,60
2026-06-16,NC-03,NC-03-B,51.15,5806,59,54
2026-06-17,NC-03,NC-03-A,51.38,6173,74,65
2026-06-17,NC-03,NC-03-B,53.2,5639,77,69
2026-06-18,NC-03,NC-03-A,46.64,5631,68,57
2026-06-18,NC-03,NC-03-B,43.13,4390,53,50
2026-06-19,NC-03,NC-03-A,54.71,7022,89,76
2026-06-19,NC-03,NC-03-B,54.93,6477,67,62
2026-06-20,NC-03,NC-03-A,48.51,4705,62,53
2026-06-20,NC-03,NC-03-B,53.42,5902,61,59
2026-06-21,NC-03,NC-03-A,47.51,4766,60,56
2026-06-21,NC-03,NC-03-B,52.2,6001,60,54
2026-06-22,NC-03,NC-03-A,46.73,5981,66,58
2026-06-22,NC-03,NC-03-B,52.2,6410,79,65
2026-06-23,NC-03,NC-03-A,47.91,4939,60,54
2026-06-23,NC-03,NC-03-B,50.79,6020,62,53
2026-06-24,NC-03,NC-03-A,47.2,4960,64,55
2026-06-24,NC-03,NC-03-B,55.8,5946,58,55
2026-06-25,NC-03,NC-03-A,52.93,6121,73,64
2026-06-25,NC-03,NC-03-B,49.78,5529,49,39
2026-06-26,NC-03,NC-03-A,54.1,5822,74,64
2026-06-26,NC-03,NC-03-B,47.49,4712,48,44
2026-06-27,NC-03,NC-03-A,48.5,5420,69,55
2026-06-27,NC-03,NC-03-B,55.95,7018,77,69
2026-06-28,NC-03,NC-03-A,48.93,4858,67,58
2026-06-28,NC-03,NC-03-B,63.46,7534,82,69
2026-06-29,NC-03,NC-03-A,56.59,6327,77,69
2026-06-29,NC-03,NC-03-B,50.43,5429,63,58
2026-06-30,NC-03,NC-03-A,51.52,6072,80,77
2026-06-30,NC-03,NC-03-B,51.98,5356,60,54
2026-07-01,NC-03,NC-03-A,57.96,6048,70,60
2026-07-01,NC-03,NC-03-B,60.87,6062,68,58
2026-07-02,NC-03,NC-03-A,47.17,5300,63,53
2026-07-02,NC-03,NC-03-B,61.49,6037,69,61
2026-07-03,NC-03,NC-03-A,57.42,5559,84,74
2026-07-03,NC-03,NC-03-B,50.31,6262,76,72
2026-07-04,NC-03,NC-03-A,60.43,6906,86,74
2026-07-04,NC-03,NC-03-B,62.84,7389,92,80
2026-07-05,NC-03,NC-03-A,49.67,5795,65,62
2026-07-05,NC-03,NC-03-B,64.19,8069,103,92
2026-07-06,NC-03,NC-03-A,56.36,5719,80,76
2026-07-06,NC-03,NC-03-B,54.25,5883,73,65
2026-07-07,NC-03,NC-03-A,57.76,7447,77,67
2026-07-07,NC-03,NC-03-B,56.83,5843,49,41
2026-07-08,NC-03,NC-03-A,58.3,7610,110,98
2026-07-08,NC-03,NC-03-B,50.85,5634,72,59
2026-07-09,NC-03,NC-03-A,51.16,5981,90,73
2026-07-09,NC-03,NC-03-B,46.39,5621,59,51
2026-07-10,NC-03,NC-03-A,53.55,6197,89,73
2026-07-10,NC-03,NC-03-B,51.91,6055,56,51
2026-07-11,NC-03,NC-03-A,52.5,5296,67,60
2026-07-11,NC-03,NC-03-B,59.07,5732,51,39
2026-07-12,NC-03,NC-03-A,53.55,5832,77,70
2026-07-12,NC-03,NC-03-B,52.14,6665,77,71
2026-07-13,NC-03,NC-03-A,56.02,6124,78,69
2026-07-13,NC-03,NC-03-B,46.15,4737,54,50
2026-07-14,NC-03,NC-03-A,43.72,4673,63,55
2026-07-14,NC-03,NC-03-B,47.39,4732,58,52
2026-07-15,NC-03,NC-03-A,43.91,4938,51,47
2026-07-15,NC-03,NC-03-B,47.0,5509,57,52
2026-07-16,NC-03,NC-03-A,52.1,5323,69,62
2026-07-16,NC-03,NC-03-B,49.95,6358,74,68
2026-07-17,NC-03,NC-03-A,54.36,5588,70,59
2026-07-17,NC-03,NC-03-B,41.76,5077,48,43
2026-07-18,NC-03,NC-03-A,53.8,5473,84,75
2026-07-18,NC-03,NC-03-B,56.49,7055,83,74
2026-07-19,NC-03,NC-03-A,44.82,5034,69,55
2026-07-19,NC-03,NC-03-B,51.75,6655,68,60
2026-07-20,NC-03,NC-03-A,47.04,6012,71,60
2026-07-20,NC-03,NC-03-B,47.53,4658,50,45
2026-07-21,NC-03,NC-03-A,51.58,6304,93,79
2026-07-21,NC-03,NC-03-B,39.2,4619,48,42
2026-07-22,NC-03,NC-03-A,50.99,6071,78,66
2026-07-22,NC-03,NC-03-B,48.87,6096,72,61
2026-07-23,NC-03,NC-03-A,40.99,4094,52,46
2026-07-23,NC-03,NC-03-B,40.82,4280,30,26
2026-07-24,NC-03,NC-03-A,39.19,4072,52,48
2026-07-24,NC-03,NC-03-B,39.8,4712,57,46
2026-07-25,NC-03,NC-03-A,47.68,4887,68,59
2026-07-25,NC-03,NC-03-B,43.4,4218,55,52
2026-07-26,NC-03,NC-03-A,40.52,4132,51,44
2026-07-26,NC-03,NC-03-B,45.05,5221,68,61
2026-07-27,NC-03,NC-03-A,47.24,4880,64,56
2026-07-27,NC-03,NC-03-B,46.06,5559,60,57
2026-07-28,NC-03,NC-03-A,37.33,4285,49,45
2026-07-28,NC-03,NC-03-B,44.43,4822,63,58
2026-07-29,NC-03,NC-03-A,45.07,5853,70,60
2026-07-29,NC-03,NC-03-B,37.99,3713,42,41
2026-07-30,NC-03,NC-03-A,42.73,4863,59,54
2026-07-30,NC-03,NC-03-B,45.96,5895,71,64
2026-07-31,NC-03,NC-03-A,41.69,5286,70,61
2026-07-31,NC-03,NC-03-B,43.03,5291,47,36
2026-08-01,NC-03,NC-03-A,50.67,6412,90,75
2026-08-01,NC-03,NC-03-B,46.83,4897,47,43
2026-08-02,NC-03,NC-03-A,39.38,4443,71,60
2026-08-02,NC-03,NC-03-B,49.96,6189,71,67
2026-08-03,NC-03,NC-03-A,47.01,5255,72,66
2026-08-03,NC-03,NC-03-B,42.98,5594,71,65
2026-08-04,NC-03,NC-03-A,41.19,4311,58,51
2026-08-04,NC-03,NC-03-B,46.01,4551,59,53
2026-08-05,NC-03,NC-03-A,42.85,4636,63,55
2026-08-05,NC-03,NC-03-B,40.18,4154,50,46
2026-08-06,NC-03,NC-03-A,42.8,4452,59,49
2026-08-06,NC-03,NC-03-B,40.24,5197,53,42
2026-08-07,NC-03,NC-03-A,36.77,4600,54,43
2026-08-07,NC-03,NC-03-B,37.46,3835,49,38
2026-08-08,NC-03,NC-03-A,38.53,4663,55,49
2026-08-08,NC-03,NC-03-B,44.58,4897,56,50
2026-08-09,NC-03,NC-03-A,39.03,4743,55,46
2026-08-09,NC-03,NC-03-B,39.31,3990,38,32
2026-08-10,NC-03,NC-03-A,47.7,5967,69,56
2026-08-10,NC-03,NC-03-B,41.28,4419,43,38
2026-08-11,NC-03,NC-03-A,39.44,4125,53,45
2026-08-11,NC-03,NC-03-B,37.95,4749,51,46
2026-08-12,NC-03,NC-03-A,43.45,4322,59,56
2026-08-12,NC-03,NC-03-B,41.73,4413,48,44
2026-08-13,NC-03,NC-03-A,50.08,6025,75,64
2026-08-13,NC-03,NC-03-B,43.77,4818,59,49
2026-08-14,NC-03,NC-03-A,50.29,5106,70,61
2026-08-14,NC-03,NC-03-B,42.95,4405,47,37
2026-08-15,NC-03,NC-03-A,50.34,5433,72,64
2026-08-15,NC-03,NC-03-B,50.44,5916,71,61
2026-08-16,NC-03,NC-03-A,41.89,4687,54,51
2026-08-16,NC-03,NC-03-B,54.05,6762,67,61
2026-08-17,NC-03,NC-03-A,48.26,4809,60,53
2026-08-17,NC-03,NC-03-B,40.48,4064,36,30
2026-08-18,NC-03,NC-03-A,43.28,5057,61,52
2026-08-18,NC-03,NC-03-B,40.39,4066,50,46
2026-08-19,NC-03,NC-03-A,40.22,4137,55,47
2026-08-19,NC-03,NC-03-B,45.71,5157,58,49
2026-08-20,NC-03,NC-03-A,46.58,5923,82,71
2026-08-20,NC-03,NC-03-B,47.23,5364,65,62
2026-08-21,NC-03,NC-03-A,44.97,5764,91,85
2026-08-21,NC-03,NC-03-B,44.86,5332,56,50
2026-08-22,NC-03,NC-03-A,55.89,5540,72,55
2026-08-22,NC-03,NC-03-B,52.95,5627,66,61
2026-08-23,NC-03,NC-03-A,51.6,6574,98,88
2026-08-23,NC-03,NC-03-B,50.66,5855,64,59
2026-08-24,NC-03,NC-03-A,44.02,5215,64,58
2026-08-24,NC-03,NC-03-B,51.72,5434,70,63
2026-08-25,NC-03,NC-03-A,44.78,4854,64,57
2026-08-25,NC-03,NC-03-B,49.17,5534,67,61
2026-08-26,NC-03,NC-03-A,52.69,5376,78,74
2026-08-26,NC-03,NC-03-B,45.32,5114,83,77
2026-08-27,NC-03,NC-03-A,58.56,6986,81,76
2026-08-27,NC-03,NC-03-B,55.73,7236,84,74
2026-08-28,NC-03,NC-03-A,54.57,5943,84,73
2026-08-28,NC-03,NC-03-B,48.56,4797,59,53
2026-08-29,NC-03,NC-03-A,60.58,6136,86,78
2026-08-29,NC-03,NC-03-B,62.15,6566,90,80
2026-08-30,NC-03,NC-03-A,56.78,7221,81,74
2026-08-30,NC-03,NC-03-B,55.68,5547,47,42
2026-08-31,NC-03,NC-03-A,46.46,5141,74,66
2026-08-31,NC-03,NC-03-B,48.04,5287,79,72
2026-09-01,NC-03,NC-03-A,48.84,5355,66,60
2026-09-01,NC-03,NC-03-B,58.77,6584,68,62
2026-09-02,NC-03,NC-03-A,54.65,6408,85,73
2026-09-02,NC-03,NC-03-B,49.92,4966,49,45
2026-09-03,NC-03,NC-03-A,55.22,6135,74,68
2026-09-03,NC-03,NC-03-B,54.83,6011,62,57
2026-09-04,NC-03,NC-03-A,59.8,7693,114,96
2026-09-04,NC-03,NC-03-B,49.09,5914,68,61
2026-09-05,NC-03,NC-03-A,55.15,7029,94,77
2026-09-05,NC-03,NC-03-B,55.77,6364,62,53
2026-09-06,NC-03,NC-03-A,56.06,7014,124,105
2026-09-06,NC-03,NC-03-B,55.42,5451,56,52
2026-09-07,NC-03,NC-03-A,59.53,7259,100,89
2026-09-07,NC-03,NC-03-B,58.07,6676,79,69
2026-09-08,NC-03,NC-03-A,56.65,6458,84,77
2026-09-08,NC-03,NC-03-B,54.87,5880,66,55
2026-09-09,NC-03,NC-03-A,57.2,5671,81,73
2026-09-09,NC-03,NC-03-B,57.33,7282,74,68
2026-09-10,NC-03,NC-03-A,57.71,6740,100,88
2026-09-10,NC-03,NC-03-B,46.0,4884,62,55
2026-09-11,NC-03,NC-03-A,46.1,5558,62,57
2026-09-11,NC-03,NC-03-B,49.2,4888,62,53
2026-09-12,NC-03,NC-03-A,58.81,6180,98,83
2026-09-12,NC-03,NC-03-B,53.29,6531,57,54
2026-09-13,NC-03,NC-03-A,59.45,6508,87,77
2026-09-13,NC-03,NC-03-B,54.77,6562,88,74
2026-09-14,NC-03,NC-03-A,44.52,5218,68,57
2026-09-14,NC-03,NC-03-B,47.61,5450,69,63
2026-09-15,NC-03,NC-03-A,48.07,4900,63,56
2026-09-15,NC-03,NC-03-B,48.48,5963,60,56
2026-09-16,NC-03,NC-03-A,47.92,5213,76,69
2026-09-16,NC-03,NC-03-B,44.12,4892,45,39
2026-09-17,NC-03,NC-03-A,58.7,6361,86,73
2026-09-17,NC-03,NC-03-B,48.38,6224,60,53
2026-09-18,NC-03,NC-03-A,54.09,5901,78,70
2026-09-18,NC-03,NC-03-B,54.63,5781,71,63
2026-09-19,NC-03,NC-03-A,56.69,5766,82,73
2026-09-19,NC-03,NC-03-B,55.58,6795,70,62
2026-09-20,NC-03,NC-03-A,51.89,5164,66,57
2026-09-20,NC-03,NC-03-B,54.33,6413,75,66
2026-09-21,NC-03,NC-03-A,46.36,4645,65,56
2026-09-21,NC-03,NC-03-B,54.75,6220,62,53
2026-09-22,NC-03,NC-03-A,48.78,6028,82,74
2026-09-22,NC-03,NC-03-B,41.29,4072,42,37
2026-09-23,NC-03,NC-03-A,50.83,6392,87,74
2026-09-23,NC-03,NC-03-B,45.98,5552,68,64
2026-09-24,NC-03,NC-03-A,49.43,4881,56,49
2026-09-24,NC-03,NC-03-B,50.48,5265,48,41
2026-09-25,NC-03,NC-03-A,41.76,4410,67,57
2026-09-25,NC-03,NC-03-B,47.48,5369,57,49
2026-09-26,NC-03,NC-03-A,48.11,5996,79,69
2026-09-26,NC-03,NC-03-B,51.97,6124,76,65
2026-09-27,NC-03,NC-03-A,53.83,6719,79,70
2026-09-27,NC-03,NC-03-B,51.59,5072,67,58
2026-09-28,NC-03,NC-03-A,50.8,4921,58,51
2026-09-28,NC-03,NC-03-B,46.82,6037,59,54
2026-09-29,NC-03,NC-03-A,39.06,4797,53,47
2026-09-29,NC-03,NC-03-B,45.88,4513,51,42
2026-09-30,NC-03,NC-03-A,37.87,4000,51,45
2026-09-30,NC-03,NC-03-B,41.73,5088,54,46
2026-04-04,NC-04,NC-04-A,135.79,7603,191,170
2026-04-04,NC-04,NC-04-B,104.66,6147,118,104
2026-04-05,NC-04,NC-04-A,122.73,7780,166,144
2026-04-05,NC-04,NC-04-B,139.18,9192,185,162
2026-04-06,NC-04,NC-04-A,115.92,6669,152,137
2026-04-06,NC-04,NC-04-B,112.61,8060,143,128
2026-04-07,NC-04,NC-04-A,127.38,8971,214,197
2026-04-07,NC-04,NC-04-B,119.91,7434,129,113
2026-04-08,NC-04,NC-04-A,119.01,7633,176,158
2026-04-08,NC-04,NC-04-B,124.76,7971,158,140
2026-04-09,NC-04,NC-04-A,129.79,9357,202,171
2026-04-09,NC-04,NC-04-B,124.21,7545,145,124
2026-04-10,NC-04,NC-04-A,105.41,7041,166,147
2026-04-10,NC-04,NC-04-B,132.0,8800,158,143
2026-04-11,NC-04,NC-04-A,114.41,6859,157,140
2026-04-11,NC-04,NC-04-B,129.71,7148,125,111
2026-04-12,NC-04,NC-04-A,118.66,8130,174,153
2026-04-12,NC-04,NC-04-B,134.94,9403,179,156
2026-04-13,NC-04,NC-04-A,108.07,7887,164,142
2026-04-13,NC-04,NC-04-B,140.06,9165,192,167
2026-04-14,NC-04,NC-04-A,109.02,7304,168,150
2026-04-14,NC-04,NC-04-B,115.4,6376,124,106
2026-04-15,NC-04,NC-04-A,136.61,7858,190,173
2026-04-15,NC-04,NC-04-B,144.06,8780,178,158
2026-04-16,NC-04,NC-04-A,123.68,6903,178,156
2026-04-16,NC-04,NC-04-B,109.45,7558,162,147
2026-04-17,NC-04,NC-04-A,130.4,7226,167,147
2026-04-17,NC-04,NC-04-B,130.97,9020,186,163
2026-04-18,NC-04,NC-04-A,151.67,8705,184,163
2026-04-18,NC-04,NC-04-B,121.87,7552,125,108
2026-04-19,NC-04,NC-04-A,125.66,8912,186,164
2026-04-19,NC-04,NC-04-B,132.55,9440,160,146
2026-04-20,NC-04,NC-04-A,137.35,8325,181,162
2026-04-20,NC-04,NC-04-B,123.36,7249,171,153
2026-04-21,NC-04,NC-04-A,128.06,8146,186,160
2026-04-21,NC-04,NC-04-B,114.88,6500,127,110
2026-04-22,NC-04,NC-04-A,148.13,10122,241,206
2026-04-22,NC-04,NC-04-B,143.82,10246,202,184
2026-04-23,NC-04,NC-04-A,137.16,9022,193,173
2026-04-23,NC-04,NC-04-B,120.95,7693,145,124
2026-04-24,NC-04,NC-04-A,128.81,7939,151,136
2026-04-24,NC-04,NC-04-B,134.53,7990,177,156
2026-04-25,NC-04,NC-04-A,134.08,8004,190,168
2026-04-25,NC-04,NC-04-B,123.41,7862,139,127
2026-04-26,NC-04,NC-04-A,156.99,8639,197,170
2026-04-26,NC-04,NC-04-B,155.32,9147,172,155
2026-04-27,NC-04,NC-04-A,121.12,8310,191,175
2026-04-27,NC-04,NC-04-B,117.32,6459,131,112
2026-04-28,NC-04,NC-04-A,143.08,9500,228,208
2026-04-28,NC-04,NC-04-B,129.2,7882,158,140
2026-04-29,NC-04,NC-04-A,140.72,8148,193,166
2026-04-29,NC-04,NC-04-B,128.33,8934,202,175
2026-04-30,NC-04,NC-04-A,142.5,7874,182,159
2026-04-30,NC-04,NC-04-B,110.05,7074,120,103
2026-05-01,NC-04,NC-04-A,106.96,7612,170,145
2026-05-01,NC-04,NC-04-B,138.38,9320,176,151
2026-05-02,NC-04,NC-04-A,148.52,8500,195,177
2026-05-02,NC-04,NC-04-B,132.83,8777,161,144
2026-05-03,NC-04,NC-04-A,126.06,9216,213,186
2026-05-03,NC-04,NC-04-B,140.72,10182,192,170
2026-05-04,NC-04,NC-04-A,129.04,8741,178,152
2026-05-04,NC-04,NC-04-B,103.01,6408,130,118
2026-05-05,NC-04,NC-04-A,124.99,7783,199,178
2026-05-05,NC-04,NC-04-B,129.49,8371,137,120
2026-05-06,NC-04,NC-04-A,109.78,7430,169,153
2026-05-06,NC-04,NC-04-B,123.71,7790,156,139
2026-05-07,NC-04,NC-04-A,113.04,6590,175,153
2026-05-07,NC-04,NC-04-B,126.94,7025,130,112
2026-05-08,NC-04,NC-04-A,110.04,7805,158,135
2026-05-08,NC-04,NC-04-B,112.6,6979,117,103
2026-05-09,NC-04,NC-04-A,120.42,7526,185,164
2026-05-09,NC-04,NC-04-B,126.98,7130,143,128
2026-05-10,NC-04,NC-04-A,127.46,9309,217,196
2026-05-10,NC-04,NC-04-B,103.5,6081,126,103
2026-05-11,NC-04,NC-04-A,114.83,6580,172,155
2026-05-11,NC-04,NC-04-B,100.57,6124,124,109
2026-05-12,NC-04,NC-04-A,119.95,7762,180,158
2026-05-12,NC-04,NC-04-B,109.54,6660,119,107
2026-05-13,NC-04,NC-04-A,109.43,6603,154,137
2026-05-13,NC-04,NC-04-B,105.58,6462,149,135
2026-05-14,NC-04,NC-04-A,95.28,6005,127,104
2026-05-14,NC-04,NC-04-B,108.82,7951,157,141
2026-05-15,NC-04,NC-04-A,95.0,6028,147,131
2026-05-15,NC-04,NC-04-B,112.35,7649,137,121
2026-05-16,NC-04,NC-04-A,123.57,7840,175,153
2026-05-16,NC-04,NC-04-B,121.37,8697,158,138
2026-05-17,NC-04,NC-04-A,112.44,7974,200,182
2026-05-17,NC-04,NC-04-B,113.29,6236,128,112
2026-05-18,NC-04,NC-04-A,93.19,6532,152,136
2026-05-18,NC-04,NC-04-B,111.58,6810,143,125
2026-05-19,NC-04,NC-04-A,87.78,5202,107,95
2026-05-19,NC-04,NC-04-B,115.48,6420,113,98
2026-05-20,NC-04,NC-04-A,89.6,5902,136,121
2026-05-20,NC-04,NC-04-B,116.03,8064,174,150
2026-05-21,NC-04,NC-04-A,99.91,7117,143,125
2026-05-21,NC-04,NC-04-B,101.3,7286,135,119
2026-05-22,NC-04,NC-04-A,104.0,5953,138,119
2026-05-22,NC-04,NC-04-B,101.42,5748,104,96
2026-05-23,NC-04,NC-04-A,95.26,5804,112,101
2026-05-23,NC-04,NC-04-B,121.79,6778,148,137
2026-05-24,NC-04,NC-04-A,108.38,7715,143,130
2026-05-24,NC-04,NC-04-B,113.84,6353,135,114
2026-05-25,NC-04,NC-04-A,110.26,6441,134,123
2026-05-25,NC-04,NC-04-B,107.92,6487,132,118
2026-05-26,NC-04,NC-04-A,108.31,7565,178,151
2026-05-26,NC-04,NC-04-B,91.83,5464,98,79
2026-05-27,NC-04,NC-04-A,107.87,7633,164,149
2026-05-27,NC-04,NC-04-B,98.76,6155,130,111
2026-05-28,NC-04,NC-04-A,96.9,6798,159,146
2026-05-28,NC-04,NC-04-B,89.17,5211,87,72
2026-05-29,NC-04,NC-04-A,114.6,7572,177,154
2026-05-29,NC-04,NC-04-B,97.97,5528,82,72
2026-05-30,NC-04,NC-04-A,120.97,7311,177,148
2026-05-30,NC-04,NC-04-B,120.39,7654,161,147
2026-05-31,NC-04,NC-04-A,106.73,7396,161,140
2026-05-31,NC-04,NC-04-B,118.3,8299,158,139
2026-06-01,NC-04,NC-04-A,106.59,5857,140,122
2026-06-01,NC-04,NC-04-B,87.37,6100,124,111
2026-06-02,NC-04,NC-04-A,96.34,6698,173,145
2026-06-02,NC-04,NC-04-B,118.28,8198,180,165
2026-06-03,NC-04,NC-04-A,91.22,5498,114,100
2026-06-03,NC-04,NC-04-B,106.95,6150,111,98
2026-06-04,NC-04,NC-04-A,103.14,6488,144,126
2026-06-04,NC-04,NC-04-B,110.13,6122,125,109
2026-06-05,NC-04,NC-04-A,105.1,6420,139,120
2026-06-05,NC-04,NC-04-B,104.55,7533,145,128
2026-06-06,NC-04,NC-04-A,124.96,8744,172,149
2026-06-06,NC-04,NC-04-B,117.83,8183,161,143
2026-06-07,NC-04,NC-04-A,126.28,8453,180,152
2026-06-07,NC-04,NC-04-B,115.21,8262,154,136
2026-06-08,NC-04,NC-04-A,110.12,6363,150,133
2026-06-08,NC-04,NC-04-B,97.0,6572,122,107
2026-06-09,NC-04,NC-04-A,123.52,7507,158,145
2026-06-09,NC-04,NC-04-B,97.82,6019,122,109
2026-06-10,NC-04,NC-04-A,110.05,8023,180,163
2026-06-10,NC-04,NC-04-B,103.6,5740,118,104
2026-06-11,NC-04,NC-04-A,127.94,9336,196,182
2026-06-11,NC-04,NC-04-B,100.86,5914,121,108
2026-06-12,NC-04,NC-04-A,126.65,7537,183,159
2026-06-12,NC-04,NC-04-B,101.44,6202,115,101
2026-06-13,NC-04,NC-04-A,125.91,7829,187,162
2026-06-13,NC-04,NC-04-B,121.47,7523,142,124
2026-06-14,NC-04,NC-04-A,138.25,9027,197,172
2026-06-14,NC-04,NC-04-B,139.64,8919,174,162
2026-06-15,NC-04,NC-04-A,129.84,9544,233,204
2026-06-15,NC-04,NC-04-B,135.31,8174,158,137
2026-06-16,NC-04,NC-04-A,137.12,7637,163,148
2026-06-16,NC-04,NC-04-B,104.29,5698,118,103
2026-06-17,NC-04,NC-04-A,136.2,7995,196,170
2026-06-17,NC-04,NC-04-B,129.21,8175,156,134
2026-06-18,NC-04,NC-04-A,140.63,9344,211,193
2026-06-18,NC-04,NC-04-B,118.87,7428,148,123
2026-06-19,NC-04,NC-04-A,135.28,9553,216,187
2026-06-19,NC-04,NC-04-B,105.69,6249,111,88
2026-06-20,NC-04,NC-04-A,132.43,7595,167,148
2026-06-20,NC-04,NC-04-B,119.26,8638,162,144
2026-06-21,NC-04,NC-04-A,114.57,6416,127,116
2026-06-21,NC-04,NC-04-B,129.6,7263,126,112
2026-06-22,NC-04,NC-04-A,124.3,7935,179,160
2026-06-22,NC-04,NC-04-B,135.44,8253,152,136
2026-06-23,NC-04,NC-04-A,134.4,8733,212,193
2026-06-23,NC-04,NC-04-B,120.51,7628,146,131
2026-06-24,NC-04,NC-04-A,140.06,8574,190,168
2026-06-24,NC-04,NC-04-B,125.64,7390,146,134
2026-06-25,NC-04,NC-04-A,109.6,6225,155,138
2026-06-25,NC-04,NC-04-B,126.34,8050,132,109
2026-06-26,NC-04,NC-04-A,120.96,7052,168,148
2026-06-26,NC-04,NC-04-B,123.47,8889,159,142
2026-06-27,NC-04,NC-04-A,149.94,10748,255,229
2026-06-27,NC-04,NC-04-B,148.61,8808,170,153
2026-06-28,NC-04,NC-04-A,136.46,9458,218,189
2026-06-28,NC-04,NC-04-B,136.51,8781,178,163
2026-06-29,NC-04,NC-04-A,137.68,8891,201,179
2026-06-29,NC-04,NC-04-B,135.08,7963,154,132
2026-06-30,NC-04,NC-04-A,139.5,9685,203,184
2026-06-30,NC-04,NC-04-B,139.14,8876,184,158
2026-07-01,NC-04,NC-04-A,147.98,9600,210,194
2026-07-01,NC-04,NC-04-B,137.04,8306,166,146
2026-07-02,NC-04,NC-04-A,145.77,8563,202,174
2026-07-02,NC-04,NC-04-B,132.45,7839,161,142
2026-07-03,NC-04,NC-04-A,129.76,8581,195,178
2026-07-03,NC-04,NC-04-B,135.15,7615,169,147
2026-07-04,NC-04,NC-04-A,134.51,8092,186,168
2026-07-04,NC-04,NC-04-B,149.99,10187,198,163
2026-07-05,NC-04,NC-04-A,118.83,7439,173,154
2026-07-05,NC-04,NC-04-B,153.91,9160,169,147
2026-07-06,NC-04,NC-04-A,122.06,8086,187,164
2026-07-06,NC-04,NC-04-B,116.49,7318,140,118
2026-07-07,NC-04,NC-04-A,129.24,8275,195,169
2026-07-07,NC-04,NC-04-B,111.69,7794,164,145
2026-07-08,NC-04,NC-04-A,134.41,9220,203,185
2026-07-08,NC-04,NC-04-B,142.37,9290,190,169
2026-07-09,NC-04,NC-04-A,111.21,7476,189,164
2026-07-09,NC-04,NC-04-B,123.4,7148,136,122
2026-07-10,NC-04,NC-04-A,115.33,6670,163,151
2026-07-10,NC-04,NC-04-B,117.28,6892,140,123
2026-07-11,NC-04,NC-04-A,131.69,7474,166,147
2026-07-11,NC-04,NC-04-B,149.37,8461,161,137
2026-07-12,NC-04,NC-04-A,115.45,6471,150,136
2026-07-12,NC-04,NC-04-B,119.37,7340,134,113
2026-07-13,NC-04,NC-04-A,130.88,9452,235,211
2026-07-13,NC-04,NC-04-B,117.13,6886,156,128
2026-07-14,NC-04,NC-04-A,131.07,7409,142,125
2026-07-14,NC-04,NC-04-B,111.28,7945,163,139
2026-07-15,NC-04,NC-04-A,129.3,7598,164,144
2026-07-15,NC-04,NC-04-B,132.46,8770,159,138
2026-07-16,NC-04,NC-04-A,127.89,7524,181,164
2026-07-16,NC-04,NC-04-B,103.0,6265,116,107
2026-07-17,NC-04,NC-04-A,99.66,5758,125,108
2026-07-17,NC-04,NC-04-B,113.55,7947,158,135
2026-07-18,NC-04,NC-04-A,117.71,6743,163,141
2026-07-18,NC-04,NC-04-B,109.01,6196,109,92
2026-07-19,NC-04,NC-04-A,114.07,6436,130,114
2026-07-19,NC-04,NC-04-B,134.09,8667,177,161
2026-07-20,NC-04,NC-04-A,125.61,8293,188,168
2026-07-20,NC-04,NC-04-B,121.8,8393,146,123
2026-07-21,NC-04,NC-04-A,122.1,8343,191,157
2026-07-21,NC-04,NC-04-B,114.88,6552,121,109
2026-07-22,NC-04,NC-04-A,109.36,6582,166,143
2026-07-22,NC-04,NC-04-B,123.73,6988,156,141
2026-07-23,NC-04,NC-04-A,109.54,6559,129,115
2026-07-23,NC-04,NC-04-B,117.32,8288,157,138
2026-07-24,NC-04,NC-04-A,109.09,7529,171,149
2026-07-24,NC-04,NC-04-B,103.37,6762,146,136
2026-07-25,NC-04,NC-04-A,125.72,7559,168,146
2026-07-25,NC-04,NC-04-B,122.33,7483,143,128
2026-07-26,NC-04,NC-04-A,96.28,6180,140,115
2026-07-26,NC-04,NC-04-B,106.97,6117,105,89
2026-07-27,NC-04,NC-04-A,107.94,5998,138,128
2026-07-27,NC-04,NC-04-B,106.14,7659,151,134
2026-07-28,NC-04,NC-04-A,92.13,6685,168,143
2026-07-28,NC-04,NC-04-B,102.64,6432,139,126
2026-07-29,NC-04,NC-04-A,100.92,6508,147,124
2026-07-29,NC-04,NC-04-B,102.48,6162,127,115
2026-07-30,NC-04,NC-04-A,105.76,7723,173,149
2026-07-30,NC-04,NC-04-B,103.97,6189,123,103
2026-07-31,NC-04,NC-04-A,105.84,5978,137,119
2026-07-31,NC-04,NC-04-B,112.53,7469,123,107
2026-08-01,NC-04,NC-04-A,110.46,6916,149,129
2026-08-01,NC-04,NC-04-B,105.76,7002,136,124
2026-08-02,NC-04,NC-04-A,96.22,6084,154,137
2026-08-02,NC-04,NC-04-B,99.53,5891,100,90
2026-08-03,NC-04,NC-04-A,86.21,5571,148,134
2026-08-03,NC-04,NC-04-B,103.95,6540,120,110
2026-08-04,NC-04,NC-04-A,105.33,5793,139,121
2026-08-04,NC-04,NC-04-B,95.87,5493,100,90
2026-08-05,NC-04,NC-04-A,85.4,4647,94,88
2026-08-05,NC-04,NC-04-B,111.61,8128,149,136
2026-08-06,NC-04,NC-04-A,93.89,5363,129,112
2026-08-06,NC-04,NC-04-B,100.72,6570,131,117
2026-08-07,NC-04,NC-04-A,88.11,6204,149,132
2026-08-07,NC-04,NC-04-B,109.71,6578,128,113
2026-08-08,NC-04,NC-04-A,119.91,8015,176,154
2026-08-08,NC-04,NC-04-B,111.75,8105,177,152
2026-08-09,NC-04,NC-04-A,94.93,5912,124,105
2026-08-09,NC-04,NC-04-B,117.88,8491,166,143
2026-08-10,NC-04,NC-04-A,109.19,6077,133,114
2026-08-10,NC-04,NC-04-B,96.48,6013,112,90
2026-08-11,NC-04,NC-04-A,100.14,7124,162,139
2026-08-11,NC-04,NC-04-B,98.02,5516,110,94
2026-08-12,NC-04,NC-04-A,101.1,6190,143,125
2026-08-12,NC-04,NC-04-B,102.42,6794,137,113
2026-08-13,NC-04,NC-04-A,103.8,7163,151,132
2026-08-13,NC-04,NC-04-B,93.35,5258,116,98
2026-08-14,NC-04,NC-04-A,97.42,6093,131,110
2026-08-14,NC-04,NC-04-B,121.31,6654,136,121
2026-08-15,NC-04,NC-04-A,118.27,7501,174,151
2026-08-15,NC-04,NC-04-B,103.01,7378,144,128
2026-08-16,NC-04,NC-04-A,108.68,6838,135,119
2026-08-16,NC-04,NC-04-B,115.2,7119,143,125
2026-08-17,NC-04,NC-04-A,100.79,7211,167,148
2026-08-17,NC-04,NC-04-B,123.86,7278,120,107
2026-08-18,NC-04,NC-04-A,100.42,5461,125,113
2026-08-18,NC-04,NC-04-B,113.71,8238,154,140
2026-08-19,NC-04,NC-04-A,118.8,7166,141,129
2026-08-19,NC-04,NC-04-B,109.13,6282,131,111
2026-08-20,NC-04,NC-04-A,111.29,7392,152,131
2026-08-20,NC-04,NC-04-B,106.48,6710,111,96
2026-08-21,NC-04,NC-04-A,126.67,7993,153,140
2026-08-21,NC-04,NC-04-B,102.6,6227,108,97
2026-08-22,NC-04,NC-04-A,124.64,7830,145,125
2026-08-22,NC-04,NC-04-B,134.05,9200,199,172
2026-08-23,NC-04,NC-04-A,123.57,7122,139,118
2026-08-23,NC-04,NC-04-B,108.84,6251,112,103
2026-08-24,NC-04,NC-04-A,136.71,8675,173,157
2026-08-24,NC-04,NC-04-B,120.32,8617,182,157
2026-08-25,NC-04,NC-04-A,132.88,9153,178,157
2026-08-25,NC-04,NC-04-B,117.84,7185,132,115
2026-08-26,NC-04,NC-04-A,119.55,7525,148,130
2026-08-26,NC-04,NC-04-B,125.09,8981,185,159
2026-08-27,NC-04,NC-04-A,115.99,6378,111,95
2026-08-27,NC-04,NC-04-B,125.21,7543,146,131
2026-08-28,NC-04,NC-04-A,112.55,8147,170,148
2026-08-28,NC-04,NC-04-B,140.65,8085,153,131
2026-08-29,NC-04,NC-04-A,144.95,9424,202,170
2026-08-29,NC-04,NC-04-B,128.99,8042,156,141
2026-08-30,NC-04,NC-04-A,146.3,9223,159,138
2026-08-30,NC-04,NC-04-B,138.26,8973,187,149
2026-08-31,NC-04,NC-04-A,109.03,6243,97,83
2026-08-31,NC-04,NC-04-B,113.46,7470,139,117
2026-09-01,NC-04,NC-04-A,146.91,9924,161,138
2026-09-01,NC-04,NC-04-B,144.55,9109,169,145
2026-09-02,NC-04,NC-04-A,126.46,9287,135,124
2026-09-02,NC-04,NC-04-B,122.75,6710,133,121
2026-09-03,NC-04,NC-04-A,146.44,10313,137,116
2026-09-03,NC-04,NC-04-B,132.57,7339,141,131
2026-09-04,NC-04,NC-04-A,129.89,7300,113,101
2026-09-04,NC-04,NC-04-B,124.96,6831,144,128
2026-09-05,NC-04,NC-04-A,126.46,7204,109,96
2026-09-05,NC-04,NC-04-B,119.79,8321,139,125
2026-09-06,NC-04,NC-04-A,121.54,7694,98,87
2026-09-06,NC-04,NC-04-B,145.46,8495,179,163
2026-09-07,NC-04,NC-04-A,131.73,9609,149,131
2026-09-07,NC-04,NC-04-B,122.62,8860,169,143
2026-09-08,NC-04,NC-04-A,134.1,8279,99,86
2026-09-08,NC-04,NC-04-B,138.38,8609,166,148
2026-09-09,NC-04,NC-04-A,139.88,9016,133,113
2026-09-09,NC-04,NC-04-B,128.97,8581,160,136
2026-09-10,NC-04,NC-04-A,124.34,8085,101,91
2026-09-10,NC-04,NC-04-B,136.42,8915,183,155
2026-09-11,NC-04,NC-04-A,143.82,8161,118,107
2026-09-11,NC-04,NC-04-B,111.67,6458,117,105
2026-09-12,NC-04,NC-04-A,125.87,8172,108,97
2026-09-12,NC-04,NC-04-B,129.61,8417,165,150
2026-09-13,NC-04,NC-04-A,119.98,7110,91,83
2026-09-13,NC-04,NC-04-B,135.77,8139,169,141
2026-09-14,NC-04,NC-04-A,132.76,9645,111,102
2026-09-14,NC-04,NC-04-B,137.8,7976,153,133
2026-09-15,NC-04,NC-04-A,141.23,8338,97,86
2026-09-15,NC-04,NC-04-B,123.09,7950,140,126
2026-09-16,NC-04,NC-04-A,131.8,8412,95,80
2026-09-16,NC-04,NC-04-B,125.33,7250,132,117
2026-09-17,NC-04,NC-04-A,138.14,9625,112,95
2026-09-17,NC-04,NC-04-B,126.78,8420,146,130
2026-09-18,NC-04,NC-04-A,119.26,7035,73,65
2026-09-18,NC-04,NC-04-B,133.42,9543,200,176
2026-09-19,NC-04,NC-04-A,136.48,9050,94,78
2026-09-19,NC-04,NC-04-B,131.81,9077,191,161
2026-09-20,NC-04,NC-04-A,134.27,9465,118,98
2026-09-20,NC-04,NC-04-B,122.15,6885,137,128
2026-09-21,NC-04,NC-04-A,110.0,5995,62,50
2026-09-21,NC-04,NC-04-B,119.27,8722,152,139
2026-09-22,NC-04,NC-04-A,116.23,6427,72,60
2026-09-22,NC-04,NC-04-B,108.1,7261,138,121
2026-09-23,NC-04,NC-04-A,132.68,7542,74,62
2026-09-23,NC-04,NC-04-B,117.9,7512,138,119
2026-09-24,NC-04,NC-04-A,117.28,8011,73,65
2026-09-24,NC-04,NC-04-B,104.37,5814,113,95
2026-09-25,NC-04,NC-04-A,128.64,9317,86,80
2026-09-25,NC-04,NC-04-B,120.0,8387,162,148
2026-09-26,NC-04,NC-04-A,107.05,6929,71,63
2026-09-26,NC-04,NC-04-B,110.54,7520,156,138
2026-09-27,NC-04,NC-04-A,113.38,7885,70,64
2026-09-27,NC-04,NC-04-B,129.59,8163,161,135
2026-09-28,NC-04,NC-04-A,120.1,7073,54,48
2026-09-28,NC-04,NC-04-B,100.11,5614,102,91
2026-09-29,NC-04,NC-04-A,95.54,5928,55,46
2026-09-29,NC-04,NC-04-B,113.0,7257,134,116
2026-09-30,NC-04,NC-04-A,111.74,6814,51,46
2026-09-30,NC-04,NC-04-B,95.2,6397,129,122
2026-04-04,NC-05,NC-05-A,87.05,6687,183,165
2026-04-04,NC-05,NC-05-B,95.97,8785,211,180
2026-04-05,NC-05,NC-05-A,73.72,5544,150,136
2026-04-05,NC-05,NC-05-B,88.81,6640,151,132
2026-04-06,NC-05,NC-05-A,87.48,6786,178,164
2026-04-06,NC-05,NC-05-B,79.81,7156,180,156
2026-04-07,NC-05,NC-05-A,84.88,6362,157,136
2026-04-07,NC-05,NC-05-B,73.31,5596,112,101
2026-04-08,NC-05,NC-05-A,79.56,6221,174,148
2026-04-08,NC-05,NC-05-B,80.86,7723,169,139
2026-04-09,NC-05,NC-05-A,92.28,8386,244,214
2026-04-09,NC-05,NC-05-B,78.08,6116,153,142
2026-04-10,NC-05,NC-05-A,84.35,6246,189,169
2026-04-10,NC-05,NC-05-B,80.14,6526,136,120
2026-04-11,NC-05,NC-05-A,92.43,7032,196,174
2026-04-11,NC-05,NC-05-B,102.97,7891,187,165
2026-04-12,NC-05,NC-05-A,90.99,6887,196,171
2026-04-12,NC-05,NC-05-B,102.33,8430,190,163
2026-04-13,NC-05,NC-05-A,75.92,6042,162,140
2026-04-13,NC-05,NC-05-B,81.16,6343,156,137
2026-04-14,NC-05,NC-05-A,87.04,6339,163,139
2026-04-14,NC-05,NC-05-B,77.72,5856,116,107
2026-04-15,NC-05,NC-05-A,93.03,6898,184,162
2026-04-15,NC-05,NC-05-B,81.37,7623,191,167
2026-04-16,NC-05,NC-05-A,89.83,7525,220,192
2026-04-16,NC-05,NC-05-B,101.52,9805,236,208
2026-04-17,NC-05,NC-05-A,86.76,7602,225,204
2026-04-17,NC-05,NC-05-B,77.85,6592,156,140
2026-04-18,NC-05,NC-05-A,104.16,8392,236,219
2026-04-18,NC-05,NC-05-B,95.25,8229,197,177
2026-04-19,NC-05,NC-05-A,98.52,9137,249,224
2026-04-19,NC-05,NC-05-B,88.52,6783,122,111
2026-04-20,NC-05,NC-05-A,94.21,7653,214,187
2026-04-20,NC-05,NC-05-B,102.41,7789,200,170
2026-04-21,NC-05,NC-05-A,77.21,7193,168,149
2026-04-21,NC-05,NC-05-B,101.99,7844,160,140
2026-04-22,NC-05,NC-05-A,95.53,7303,168,154
2026-04-22,NC-05,NC-05-B,80.31,6741,156,140
2026-04-23,NC-05,NC-05-A,102.26,7809,215,188
2026-04-23,NC-05,NC-05-B,91.58,8600,180,159
2026-04-24,NC-05,NC-05-A,82.15,6109,169,146
2026-04-24,NC-05,NC-05-B,77.24,6424,155,144
2026-04-25,NC-05,NC-05-A,92.19,8985,232,204
2026-04-25,NC-05,NC-05-B,96.35,7550,148,132
2026-04-26,NC-05,NC-05-A,80.84,7257,193,176
2026-04-26,NC-05,NC-05-B,106.61,9005,187,166
2026-04-27,NC-05,NC-05-A,101.85,9346,263,234
2026-04-27,NC-05,NC-05-B,97.53,8644,192,170
2026-04-28,NC-05,NC-05-A,91.32,7134,202,174
2026-04-28,NC-05,NC-05-B,84.74,6715,145,133
2026-04-29,NC-05,NC-05-A,76.1,7362,184,158
2026-04-29,NC-05,NC-05-B,99.17,7337,181,153
2026-04-30,NC-05,NC-05-A,96.73,9291,260,228
2026-04-30,NC-05,NC-05-B,81.61,6718,149,131
2026-05-01,NC-05,NC-05-A,78.16,7078,186,169
2026-05-01,NC-05,NC-05-B,77.46,6474,156,138
2026-05-02,NC-05,NC-05-A,93.42,7108,214,188
2026-05-02,NC-05,NC-05-B,104.33,9433,207,183
2026-05-03,NC-05,NC-05-A,100.29,8337,195,179
2026-05-03,NC-05,NC-05-B,86.01,6513,143,128
2026-05-04,NC-05,NC-05-A,73.94,6095,180,163
2026-05-04,NC-05,NC-05-B,90.47,6703,160,141
2026-05-05,NC-05,NC-05-A,75.62,6471,167,145
2026-05-05,NC-05,NC-05-B,81.47,6062,143,123
2026-05-06,NC-05,NC-05-A,77.7,7003,191,171
2026-05-06,NC-05,NC-05-B,85.56,6963,181,158
2026-05-07,NC-05,NC-05-A,71.85,5480,137,126
2026-05-07,NC-05,NC-05-B,85.72,7023,162,139
2026-05-08,NC-05,NC-05-A,90.75,8587,241,213
2026-05-08,NC-05,NC-05-B,71.39,5280,111,96
2026-05-09,NC-05,NC-05-A,90.35,7218,203,173
2026-05-09,NC-05,NC-05-B,91.83,7901,177,154
2026-05-10,NC-05,NC-05-A,93.33,8571,247,208
2026-05-10,NC-05,NC-05-B,74.48,6952,164,150
2026-05-11,NC-05,NC-05-A,76.91,7128,212,180
2026-05-11,NC-05,NC-05-B,70.61,5382,141,123
2026-05-12,NC-05,NC-05-A,84.15,6628,164,147
2026-05-12,NC-05,NC-05-B,79.24,7187,168,150
2026-05-13,NC-05,NC-05-A,74.59,6015,165,148
2026-05-13,NC-05,NC-05-B,66.92,5671,135,119
2026-05-14,NC-05,NC-05-A,67.58,5725,164,147
2026-05-14,NC-05,NC-05-B,66.22,5997,134,114
2026-05-15,NC-05,NC-05-A,64.55,5127,140,124
2026-05-15,NC-05,NC-05-B,82.84,7146,160,139
2026-05-16,NC-05,NC-05-A,70.04,5119,139,126
2026-05-16,NC-05,NC-05-B,82.38,7687,173,152
2026-05-17,NC-05,NC-05-A,84.68,7995,220,189
2026-05-17,NC-05,NC-05-B,69.09,6114,145,124
2026-05-18,NC-05,NC-05-A,82.73,7929,247,223
2026-05-18,NC-05,NC-05-B,64.22,5113,110,98
2026-05-19,NC-05,NC-05-A,64.06,4664,131,119
2026-05-19,NC-05,NC-05-B,75.87,6096,130,114
2026-05-20,NC-05,NC-05-A,69.97,6719,201,175
2026-05-20,NC-05,NC-05-B,78.62,5787,159,137
2026-05-21,NC-05,NC-05-A,66.06,5004,145,122
2026-05-21,NC-05,NC-05-B,77.18,5923,127,116
2026-05-22,NC-05,NC-05-A,72.54,6586,173,152
2026-05-22,NC-05,NC-05-B,76.34,5957,130,118
2026-05-23,NC-05,NC-05-A,72.15,6766,172,144
2026-05-23,NC-05,NC-05-B,72.25,6983,149,132
2026-05-24,NC-05,NC-05-A,72.91,6723,174,149
2026-05-24,NC-05,NC-05-B,69.81,5926,126,114
2026-05-25,NC-05,NC-05-A,78.43,7639,224,192
2026-05-25,NC-05,NC-05-B,61.05,5427,116,98
2026-05-26,NC-05,NC-05-A,65.37,6052,208,186
2026-05-26,NC-05,NC-05-B,72.31,5865,145,130
2026-05-27,NC-05,NC-05-A,63.02,5658,167,143
2026-05-27,NC-05,NC-05-B,67.5,5283,107,88
2026-05-28,NC-05,NC-05-A,69.93,6061,159,141
2026-05-28,NC-05,NC-05-B,74.13,6738,169,142
2026-05-29,NC-05,NC-05-A,69.38,6736,211,187
2026-05-29,NC-05,NC-05-B,62.15,5182,121,108
2026-05-30,NC-05,NC-05-A,82.11,6448,155,140
2026-05-30,NC-05,NC-05-B,72.04,6300,179,159
2026-05-31,NC-05,NC-05-A,67.53,4910,122,101
2026-05-31,NC-05,NC-05-B,77.34,6109,138,126
2026-06-01,NC-05,NC-05-A,68.95,6443,165,151
2026-06-01,NC-05,NC-05-B,64.29,6015,114,96
2026-06-02,NC-05,NC-05-A,76.97,7154,184,160
2026-06-02,NC-05,NC-05-B,72.67,5427,122,101
2026-06-03,NC-05,NC-05-A,76.2,6468,160,138
2026-06-03,NC-05,NC-05-B,65.99,5489,104,93
2026-06-04,NC-05,NC-05-A,83.29,6309,175,154
2026-06-04,NC-05,NC-05-B,75.57,7012,142,126
2026-06-05,NC-05,NC-05-A,65.58,5952,154,129
2026-06-05,NC-05,NC-05-B,79.25,5808,118,104
2026-06-06,NC-05,NC-05-A,71.99,5651,147,128
2026-06-06,NC-05,NC-05-B,84.57,6166,155,136
2026-06-07,NC-05,NC-05-A,92.87,7507,193,163
2026-06-07,NC-05,NC-05-B,69.06,5938,166,143
2026-06-08,NC-05,NC-05-A,69.53,6652,186,165
2026-06-08,NC-05,NC-05-B,78.5,6097,127,114
2026-06-09,NC-05,NC-05-A,86.13,6471,198,169
2026-06-09,NC-05,NC-05-B,81.75,6318,153,133
2026-06-10,NC-05,NC-05-A,75.21,6032,140,122
2026-06-10,NC-05,NC-05-B,84.2,7107,166,157
2026-06-11,NC-05,NC-05-A,83.99,6556,163,145
2026-06-11,NC-05,NC-05-B,85.02,6307,150,125
2026-06-12,NC-05,NC-05-A,73.48,6537,184,161
2026-06-12,NC-05,NC-05-B,73.93,6603,148,128
2026-06-13,NC-05,NC-05-A,84.11,6874,188,170
2026-06-13,NC-05,NC-05-B,85.8,7450,169,151
2026-06-14,NC-05,NC-05-A,85.77,7353,163,141
2026-06-14,NC-05,NC-05-B,77.82,7144,165,147
2026-06-15,NC-05,NC-05-A,87.91,6907,205,182
2026-06-15,NC-05,NC-05-B,91.35,8158,162,150
2026-06-16,NC-05,NC-05-A,87.15,8382,222,205
2026-06-16,NC-05,NC-05-B,96.12,8310,197,173
2026-06-17,NC-05,NC-05-A,73.78,5650,167,145
2026-06-17,NC-05,NC-05-B,79.62,5950,147,132
2026-06-18,NC-05,NC-05-A,97.47,7093,199,170
2026-06-18,NC-05,NC-05-B,74.59,5464,119,102
2026-06-19,NC-05,NC-05-A,88.24,7477,196,168
2026-06-19,NC-05,NC-05-B,75.88,6103,145,134
2026-06-20,NC-05,NC-05-A,85.01,6413,180,162
2026-06-20,NC-05,NC-05-B,90.66,8267,185,160
2026-06-21,NC-05,NC-05-A,79.54,6012,176,145
2026-06-21,NC-05,NC-05-B,101.94,7619,153,140
2026-06-22,NC-05,NC-05-A,91.13,8817,241,215
2026-06-22,NC-05,NC-05-B,99.61,8152,184,168
2026-06-23,NC-05,NC-05-A,81.41,7343,225,207
2026-06-23,NC-05,NC-05-B,84.9,7440,188,166
2026-06-24,NC-05,NC-05-A,99.88,8889,226,196
2026-06-24,NC-05,NC-05-B,77.0,6968,173,146
2026-06-25,NC-05,NC-05-A,82.96,6944,183,169
2026-06-25,NC-05,NC-05-B,82.84,6972,137,119
2026-06-26,NC-05,NC-05-A,95.47,7805,231,200
2026-06-26,NC-05,NC-05-B,97.83,7219,169,152
2026-06-27,NC-05,NC-05-A,86.17,6466,161,140
2026-06-27,NC-05,NC-05-B,90.72,7230,162,138
2026-06-28,NC-05,NC-05-A,97.72,9578,281,256
2026-06-28,NC-05,NC-05-B,101.03,9279,234,199
2026-06-29,NC-05,NC-05-A,87.2,6766,187,168
2026-06-29,NC-05,NC-05-B,82.14,7760,177,152
2026-06-30,NC-05,NC-05-A,102.66,9429,236,214
2026-06-30,NC-05,NC-05-B,101.71,8501,200,183
2026-07-01,NC-05,NC-05-A,81.06,7166,183,157
2026-07-01,NC-05,NC-05-B,81.06,6845,150,134
2026-07-02,NC-05,NC-05-A,102.53,7614,206,181
2026-07-02,NC-05,NC-05-B,91.24,8360,206,175
2026-07-03,NC-05,NC-05-A,78.41,5707,164,147
2026-07-03,NC-05,NC-05-B,98.72,9039,200,176
2026-07-04,NC-05,NC-05-A,104.29,8718,244,218
2026-07-04,NC-05,NC-05-B,86.1,7983,195,177
2026-07-05,NC-05,NC-05-A,81.27,6957,179,163
2026-07-05,NC-05,NC-05-B,81.22,7496,171,150
2026-07-06,NC-05,NC-05-A,95.34,8383,220,192
2026-07-06,NC-05,NC-05-B,75.94,6032,140,120
2026-07-07,NC-05,NC-05-A,77.99,6525,178,154
2026-07-07,NC-05,NC-05-B,100.07,8120,210,189
2026-07-08,NC-05,NC-05-A,87.4,8537,249,214
2026-07-08,NC-05,NC-05-B,91.64,7535,150,129
2026-07-09,NC-05,NC-05-A,94.36,7032,186,164
2026-07-09,NC-05,NC-05-B,94.81,7655,178,161
2026-07-10,NC-05,NC-05-A,91.91,8080,242,214
2026-07-10,NC-05,NC-05-B,86.28,7291,183,157
2026-07-11,NC-05,NC-05-A,101.61,7767,231,208
2026-07-11,NC-05,NC-05-B,100.61,9104,216,175
2026-07-12,NC-05,NC-05-A,80.52,6039,170,153
2026-07-12,NC-05,NC-05-B,94.29,7702,163,135
2026-07-13,NC-05,NC-05-A,95.45,8972,232,208
2026-07-13,NC-05,NC-05-B,86.04,7850,161,139
2026-07-14,NC-05,NC-05-A,85.94,7848,249,223
2026-07-14,NC-05,NC-05-B,70.29,5611,119,105
2026-07-15,NC-05,NC-05-A,71.16,5857,179,158
2026-07-15,NC-05,NC-05-B,88.76,6691,154,126
2026-07-16,NC-05,NC-05-A,79.17,6159,173,147
2026-07-16,NC-05,NC-05-B,72.23,6208,140,118
2026-07-17,NC-05,NC-05-A,76.49,5909,151,137
2026-07-17,NC-05,NC-05-B,91.29,6655,151,134
2026-07-18,NC-05,NC-05-A,95.94,8192,196,174
2026-07-18,NC-05,NC-05-B,89.83,7341,170,143
2026-07-19,NC-05,NC-05-A,84.21,6773,186,164
2026-07-19,NC-05,NC-05-B,75.61,6793,167,152
2026-07-20,NC-05,NC-05-A,70.67,5855,167,144
2026-07-20,NC-05,NC-05-B,71.72,6627,164,141
2026-07-21,NC-05,NC-05-A,69.98,6527,198,172
2026-07-21,NC-05,NC-05-B,81.88,6074,127,111
2026-07-22,NC-05,NC-05-A,72.96,5888,160,146
2026-07-22,NC-05,NC-05-B,81.41,6445,150,133
2026-07-23,NC-05,NC-05-A,84.0,7320,209,189
2026-07-23,NC-05,NC-05-B,75.14,6634,139,122
2026-07-24,NC-05,NC-05-A,83.72,6456,174,157
2026-07-24,NC-05,NC-05-B,69.55,5383,116,105
2026-07-25,NC-05,NC-05-A,75.23,6060,163,147
2026-07-25,NC-05,NC-05-B,87.16,8361,195,171
2026-07-26,NC-05,NC-05-A,74.14,6177,147,128
2026-07-26,NC-05,NC-05-B,67.79,5283,125,111
2026-07-27,NC-05,NC-05-A,64.94,4990,132,120
2026-07-27,NC-05,NC-05-B,71.23,5220,117,110
2026-07-28,NC-05,NC-05-A,62.95,5603,153,142
2026-07-28,NC-05,NC-05-B,68.1,6504,152,134
2026-07-29,NC-05,NC-05-A,60.61,4995,140,121
2026-07-29,NC-05,NC-05-B,72.99,5936,126,110
2026-07-30,NC-05,NC-05-A,60.81,4734,116,103
2026-07-30,NC-05,NC-05-B,71.64,5751,128,121
2026-07-31,NC-05,NC-05-A,63.1,4950,132,111
2026-07-31,NC-05,NC-05-B,59.6,4325,94,77
2026-08-01,NC-05,NC-05-A,65.62,5139,128,113
2026-08-01,NC-05,NC-05-B,85.85,6895,151,128
2026-08-02,NC-05,NC-05-A,73.11,5345,169,152
2026-08-02,NC-05,NC-05-B,69.36,5305,118,101
2026-08-03,NC-05,NC-05-A,62.69,4547,118,107
2026-08-03,NC-05,NC-05-B,63.1,5387,117,96
2026-08-04,NC-05,NC-05-A,73.36,6424,175,159
2026-08-04,NC-05,NC-05-B,77.08,6643,169,147
2026-08-05,NC-05,NC-05-A,77.44,6472,173,148
2026-08-05,NC-05,NC-05-B,77.44,5823,136,122
2026-08-06,NC-05,NC-05-A,75.28,6253,180,145
2026-08-06,NC-05,NC-05-B,68.95,6036,146,133
2026-08-07,NC-05,NC-05-A,69.23,5653,153,132
2026-08-07,NC-05,NC-05-B,60.4,4968,127,112
2026-08-08,NC-05,NC-05-A,78.57,5764,130,115
2026-08-08,NC-05,NC-05-B,85.39,6541,140,113
2026-08-09,NC-05,NC-05-A,70.4,6362,166,149
2026-08-09,NC-05,NC-05-B,79.87,6349,154,139
2026-08-10,NC-05,NC-05-A,63.65,4909,133,116
2026-08-10,NC-05,NC-05-B,80.73,6579,154,141
2026-08-11,NC-05,NC-05-A,79.37,7517,213,191
2026-08-11,NC-05,NC-05-B,79.08,7311,157,140
2026-08-12,NC-05,NC-05-A,68.05,5931,167,142
2026-08-12,NC-05,NC-05-B,74.91,5643,136,121
2026-08-13,NC-05,NC-05-A,64.79,5181,138,116
2026-08-13,NC-05,NC-05-B,72.44,6207,154,141
2026-08-14,NC-05,NC-05-A,68.33,4973,139,118
2026-08-14,NC-05,NC-05-B,77.49,6280,161,141
2026-08-15,NC-05,NC-05-A,70.76,5646,138,121
2026-08-15,NC-05,NC-05-B,71.25,5480,149,130
2026-08-16,NC-05,NC-05-A,84.24,8211,196,175
2026-08-16,NC-05,NC-05-B,84.66,7252,153,134
2026-08-17,NC-05,NC-05-A,77.64,5646,149,134
2026-08-17,NC-05,NC-05-B,82.88,7338,152,135
2026-08-18,NC-05,NC-05-A,75.06,6557,169,152
2026-08-18,NC-05,NC-05-B,84.04,6222,152,137
2026-08-19,NC-05,NC-05-A,76.25,5935,176,149
2026-08-19,NC-05,NC-05-B,69.62,5879,113,94
2026-08-20,NC-05,NC-05-A,68.98,5277,128,109
2026-08-20,NC-05,NC-05-B,69.52,5492,130,112
2026-08-21,NC-05,NC-05-A,86.84,6309,195,170
2026-08-21,NC-05,NC-05-B,84.92,6235,147,116
2026-08-22,NC-05,NC-05-A,95.52,9343,288,243
2026-08-22,NC-05,NC-05-B,78.21,6835,138,123
2026-08-23,NC-05,NC-05-A,95.91,8391,237,205
2026-08-23,NC-05,NC-05-B,76.99,6028,127,111
2026-08-24,NC-05,NC-05-A,79.36,5859,153,136
2026-08-24,NC-05,NC-05-B,71.19,6793,143,130
2026-08-25,NC-05,NC-05-A,75.97,7342,179,155
2026-08-25,NC-05,NC-05-B,84.6,7879,150,133
2026-08-26,NC-05,NC-05-A,76.02,7336,194,168
2026-08-26,NC-05,NC-05-B,88.54,7741,165,144
2026-08-27,NC-05,NC-05-A,74.89,5994,186,168
2026-08-27,NC-05,NC-05-B,85.62,7939,162,139
2026-08-28,NC-05,NC-05-A,80.41,7446,214,188
2026-08-28,NC-05,NC-05-B,79.85,6629,142,121
2026-08-29,NC-05,NC-05-A,87.34,7326,181,153
2026-08-29,NC-05,NC-05-B,83.01,6864,144,130
2026-08-30,NC-05,NC-05-A,82.43,7476,213,189
2026-08-30,NC-05,NC-05-B,103.1,9954,243,206
2026-08-31,NC-05,NC-05-A,89.17,7569,228,197
2026-08-31,NC-05,NC-05-B,101.31,9866,219,185
2026-09-01,NC-05,NC-05-A,77.47,6475,168,142
2026-09-01,NC-05,NC-05-B,94.96,7839,177,154
2026-09-02,NC-05,NC-05-A,78.64,6670,205,175
2026-09-02,NC-05,NC-05-B,77.47,7453,175,151
2026-09-03,NC-05,NC-05-A,89.04,8589,209,186
2026-09-03,NC-05,NC-05-B,100.94,8903,213,190
2026-09-04,NC-05,NC-05-A,92.75,6999,171,146
2026-09-04,NC-05,NC-05-B,77.45,5879,139,127
2026-09-05,NC-05,NC-05-A,92.87,6768,194,168
2026-09-05,NC-05,NC-05-B,101.48,8973,220,201
2026-09-06,NC-05,NC-05-A,84.88,6550,151,130
2026-09-06,NC-05,NC-05-B,104.32,10180,232,205
2026-09-07,NC-05,NC-05-A,97.16,7981,207,193
2026-09-07,NC-05,NC-05-B,83.61,7871,198,169
2026-09-08,NC-05,NC-05-A,83.22,6935,232,204
2026-09-08,NC-05,NC-05-B,77.89,6324,124,112
2026-09-09,NC-05,NC-05-A,88.75,8480,218,190
2026-09-09,NC-05,NC-05-B,81.31,7707,181,160
2026-09-10,NC-05,NC-05-A,77.76,5980,153,134
2026-09-10,NC-05,NC-05-B,81.43,6160,154,132
2026-09-11,NC-05,NC-05-A,95.74,8414,207,179
2026-09-11,NC-05,NC-05-B,90.14,6978,172,148
2026-09-12,NC-05,NC-05-A,94.6,7468,221,194
2026-09-12,NC-05,NC-05-B,87.58,8053,178,160
2026-09-13,NC-05,NC-05-A,89.59,8759,235,210
2026-09-13,NC-05,NC-05-B,97.64,7433,190,163
2026-09-14,NC-05,NC-05-A,93.69,7176,205,173
2026-09-14,NC-05,NC-05-B,81.91,7167,164,139
2026-09-15,NC-05,NC-05-A,85.72,6683,191,173
2026-09-15,NC-05,NC-05-B,87.85,6390,161,137
2026-09-16,NC-05,NC-05-A,92.8,7166,199,180
2026-09-16,NC-05,NC-05-B,87.41,8516,216,191
2026-09-17,NC-05,NC-05-A,96.22,8483,249,222
2026-09-17,NC-05,NC-05-B,87.92,7509,188,170
2026-09-18,NC-05,NC-05-A,91.63,8978,251,210
2026-09-18,NC-05,NC-05-B,84.17,7562,170,151
2026-09-19,NC-05,NC-05-A,92.28,7870,221,198
2026-09-19,NC-05,NC-05-B,83.17,6151,143,125
2026-09-20,NC-05,NC-05-A,84.72,6301,185,163
2026-09-20,NC-05,NC-05-B,77.37,6045,152,136
2026-09-21,NC-05,NC-05-A,88.6,6846,184,157
2026-09-21,NC-05,NC-05-B,78.57,7375,175,147
2026-09-22,NC-05,NC-05-A,86.99,8385,212,188
2026-09-22,NC-05,NC-05-B,92.43,8908,235,213
2026-09-23,NC-05,NC-05-A,88.13,7941,206,177
2026-09-23,NC-05,NC-05-B,69.58,5087,124,107
2026-09-24,NC-05,NC-05-A,74.22,7076,181,164
2026-09-24,NC-05,NC-05-B,73.19,5819,130,110
2026-09-25,NC-05,NC-05-A,72.06,6509,194,170
2026-09-25,NC-05,NC-05-B,67.66,5450,111,96
2026-09-26,NC-05,NC-05-A,72.57,6238,144,125
2026-09-26,NC-05,NC-05-B,75.32,6330,152,132
2026-09-27,NC-05,NC-05-A,84.59,6191,192,173
2026-09-27,NC-05,NC-05-B,81.53,6308,137,122
2026-09-28,NC-05,NC-05-A,85.27,6251,160,133
2026-09-28,NC-05,NC-05-B,84.58,6663,159,141
2026-09-29,NC-05,NC-05-A,85.4,6325,142,130
2026-09-29,NC-05,NC-05-B,64.3,5403,120,104
2026-09-30,NC-05,NC-05-A,73.65,6301,166,139
2026-09-30,NC-05,NC-05-B,64.97,5403,124,107
2026-04-04,NC-06,NC-06-A,59.67,5558,114,100
2026-04-04,NC-06,NC-06-B,57.74,6101,111,100
2026-04-05,NC-06,NC-06-A,65.62,6858,156,146
2026-04-05,NC-06,NC-06-B,62.91,6829,134,123
2026-04-06,NC-06,NC-06-A,62.14,6323,150,129
2026-04-06,NC-06,NC-06-B,48.64,5484,104,89
2026-04-07,NC-06,NC-06-A,55.52,6062,134,116
2026-04-07,NC-06,NC-06-B,58.76,6009,103,93
2026-04-08,NC-06,NC-06-A,49.8,5257,125,109
2026-04-08,NC-06,NC-06-B,50.12,4495,94,84
2026-04-09,NC-06,NC-06-A,62.97,5876,157,136
2026-04-09,NC-06,NC-06-B,61.5,6099,129,110
2026-04-10,NC-06,NC-06-A,56.15,5560,133,124
2026-04-10,NC-06,NC-06-B,63.78,7193,136,112
2026-04-11,NC-06,NC-06-A,57.91,5674,128,103
2026-04-11,NC-06,NC-06-B,69.78,7332,149,128
2026-04-12,NC-06,NC-06-A,68.49,6026,136,122
2026-04-12,NC-06,NC-06-B,68.55,7290,149,132
2026-04-13,NC-06,NC-06-A,52.54,5740,145,131
2026-04-13,NC-06,NC-06-B,64.19,6700,147,125
2026-04-14,NC-06,NC-06-A,67.26,6026,149,127
2026-04-14,NC-06,NC-06-B,59.25,5772,121,103
2026-04-15,NC-06,NC-06-A,62.33,5779,153,136
2026-04-15,NC-06,NC-06-B,59.96,6141,120,109
2026-04-16,NC-06,NC-06-A,62.16,5469,151,141
2026-04-16,NC-06,NC-06-B,59.32,6583,135,120
2026-04-17,NC-06,NC-06-A,68.35,7598,191,176
2026-04-17,NC-06,NC-06-B,67.4,5878,126,112
2026-04-18,NC-06,NC-06-A,68.87,7121,165,141
2026-04-18,NC-06,NC-06-B,66.76,6765,116,106
2026-04-19,NC-06,NC-06-A,64.33,5644,141,124
2026-04-19,NC-06,NC-06-B,66.16,6941,140,122
2026-04-20,NC-06,NC-06-A,53.54,4824,110,98
2026-04-20,NC-06,NC-06-B,63.4,6034,145,130
2026-04-21,NC-06,NC-06-A,69.3,7803,178,160
2026-04-21,NC-06,NC-06-B,69.9,6154,137,115
2026-04-22,NC-06,NC-06-A,69.49,7473,166,151
2026-04-22,NC-06,NC-06-B,69.96,7336,137,126
2026-04-23,NC-06,NC-06-A,54.48,4858,107,98
2026-04-23,NC-06,NC-06-B,66.89,6037,132,119
2026-04-24,NC-06,NC-06-A,63.54,7298,162,141
2026-04-24,NC-06,NC-06-B,66.12,5954,119,107
2026-04-25,NC-06,NC-06-A,60.98,6910,161,143
2026-04-25,NC-06,NC-06-B,70.58,7178,140,121
2026-04-26,NC-06,NC-06-A,64.79,6930,172,154
2026-04-26,NC-06,NC-06-B,72.19,8032,154,136
2026-04-27,NC-06,NC-06-A,65.89,6788,160,145
2026-04-27,NC-06,NC-06-B,67.23,6002,107,90
2026-04-28,NC-06,NC-06-A,69.24,6745,157,138
2026-04-28,NC-06,NC-06-B,64.4,7507,154,137
2026-04-29,NC-06,NC-06-A,63.08,6497,143,131
2026-04-29,NC-06,NC-06-B,64.91,6492,110,92
2026-04-30,NC-06,NC-06-A,51.52,4709,107,89
2026-04-30,NC-06,NC-06-B,56.51,6367,122,111
2026-05-01,NC-06,NC-06-A,64.23,5712,136,123
2026-05-01,NC-06,NC-06-B,56.31,6414,144,124
2026-05-02,NC-06,NC-06-A,69.28,6711,171,151
2026-05-02,NC-06,NC-06-B,55.62,6373,118,104
2026-05-03,NC-06,NC-06-A,57.39,5049,116,99
2026-05-03,NC-06,NC-06-B,57.98,5580,105,92
2026-05-04,NC-06,NC-06-A,51.67,5462,116,105
2026-05-04,NC-06,NC-06-B,62.33,5456,109,95
2026-05-05,NC-06,NC-06-A,55.44,6093,143,132
2026-05-05,NC-06,NC-06-B,56.2,5356,120,98
2026-05-06,NC-06,NC-06-A,57.02,6276,151,132
2026-05-06,NC-06,NC-06-B,59.83,5347,112,103
2026-05-07,NC-06,NC-06-A,60.84,7037,181,157
2026-05-07,NC-06,NC-06-B,48.94,5223,99,82
2026-05-08,NC-06,NC-06-A,56.14,6560,148,131
2026-05-08,NC-06,NC-06-B,56.12,5924,133,115
2026-05-09,NC-06,NC-06-A,51.89,5893,153,136
2026-05-09,NC-06,NC-06-B,58.54,5548,116,105
2026-05-10,NC-06,NC-06-A,50.79,5789,126,113
2026-05-10,NC-06,NC-06-B,51.21,5827,139,119
2026-05-11,NC-06,NC-06-A,55.77,5335,139,120
2026-05-11,NC-06,NC-06-B,56.78,5965,136,120
2026-05-12,NC-06,NC-06-A,51.66,5668,124,111
2026-05-12,NC-06,NC-06-B,59.46,5987,131,116
2026-05-13,NC-06,NC-06-A,46.19,4204,93,84
2026-05-13,NC-06,NC-06-B,45.59,5158,104,96
2026-05-14,NC-06,NC-06-A,55.01,5200,143,124
2026-05-14,NC-06,NC-06-B,55.28,5122,90,78
2026-05-15,NC-06,NC-06-A,45.75,4777,117,103
2026-05-15,NC-06,NC-06-B,57.64,6736,136,125
2026-05-16,NC-06,NC-06-A,46.91,4702,119,106
2026-05-16,NC-06,NC-06-B,52.36,5786,114,98
2026-05-17,NC-06,NC-06-A,57.99,6545,145,129
2026-05-17,NC-06,NC-06-B,52.58,4878,81,68
2026-05-18,NC-06,NC-06-A,54.54,5472,135,126
2026-05-18,NC-06,NC-06-B,45.23,4185,99,89
2026-05-19,NC-06,NC-06-A,44.19,4762,134,117
2026-05-19,NC-06,NC-06-B,52.33,4673,83,73
2026-05-20,NC-06,NC-06-A,46.81,4911,108,91
2026-05-20,NC-06,NC-06-B,50.75,4505,100,80
2026-05-21,NC-06,NC-06-A,45.57,4356,97,84
2026-05-21,NC-06,NC-06-B,50.7,5802,110,97
2026-05-22,NC-06,NC-06-A,42.06,4464,109,100
2026-05-22,NC-06,NC-06-B,51.32,5957,120,108
2026-05-23,NC-06,NC-06-A,58.96,5807,137,121
2026-05-23,NC-06,NC-06-B,53.41,5402,103,91
2026-05-24,NC-06,NC-06-A,51.79,5240,125,111
2026-05-24,NC-06,NC-06-B,59.43,5597,108,91
2026-05-25,NC-06,NC-06-A,54.31,4760,117,104
2026-05-25,NC-06,NC-06-B,48.05,4277,100,93
2026-05-26,NC-06,NC-06-A,53.68,5777,125,107
2026-05-26,NC-06,NC-06-B,49.41,4865,99,88
2026-05-27,NC-06,NC-06-A,49.11,4765,118,104
2026-05-27,NC-06,NC-06-B,47.51,5392,109,100
2026-05-28,NC-06,NC-06-A,46.52,4523,100,88
2026-05-28,NC-06,NC-06-B,43.01,4157,84,72
2026-05-29,NC-06,NC-06-A,51.8,6040,147,128
2026-05-29,NC-06,NC-06-B,43.24,3971,92,86
2026-05-30,NC-06,NC-06-A,48.97,4435,99,87
2026-05-30,NC-06,NC-06-B,57.85,6564,120,101
2026-05-31,NC-06,NC-06-A,54.96,5245,113,96
2026-05-31,NC-06,NC-06-B,46.25,5413,104,95
2026-06-01,NC-06,NC-06-A,42.27,4966,110,100
2026-06-01,NC-06,NC-06-B,49.1,5715,129,112
2026-06-02,NC-06,NC-06-A,48.72,4820,127,111
2026-06-02,NC-06,NC-06-B,46.21,4573,89,76
2026-06-03,NC-06,NC-06-A,54.76,5802,135,116
2026-06-03,NC-06,NC-06-B,51.88,6098,126,113
2026-06-04,NC-06,NC-06-A,45.89,4432,92,78
2026-06-04,NC-06,NC-06-B,52.38,6044,127,114
2026-06-05,NC-06,NC-06-A,58.25,5414,129,117
2026-06-05,NC-06,NC-06-B,58.0,5439,115,103
2026-06-06,NC-06,NC-06-A,61.53,5616,154,140
2026-06-06,NC-06,NC-06-B,49.73,5130,102,91
2026-06-07,NC-06,NC-06-A,56.3,4999,112,105
2026-06-07,NC-06,NC-06-B,62.45,6850,142,125
2026-06-08,NC-06,NC-06-A,57.11,5275,128,116
2026-06-08,NC-06,NC-06-B,46.41,5219,99,89
2026-06-09,NC-06,NC-06-A,55.46,6497,157,133
2026-06-09,NC-06,NC-06-B,50.67,4616,81,73
2026-06-10,NC-06,NC-06-A,56.75,5464,123,101
2026-06-10,NC-06,NC-06-B,50.8,4940,93,78
2026-06-11,NC-06,NC-06-A,46.93,5333,126,108
2026-06-11,NC-06,NC-06-B,58.11,5715,122,106
2026-06-12,NC-06,NC-06-A,51.99,5686,157,142
2026-06-12,NC-06,NC-06-B,60.1,7065,137,123
2026-06-13,NC-06,NC-06-A,67.8,6162,147,133
2026-06-13,NC-06,NC-06-B,56.22,5507,113,104
2026-06-14,NC-06,NC-06-A,62.19,6979,158,144
2026-06-14,NC-06,NC-06-B,62.46,6722,149,137
2026-06-15,NC-06,NC-06-A,54.88,4842,118,98
2026-06-15,NC-06,NC-06-B,64.3,5658,126,113
2026-06-16,NC-06,NC-06-A,57.61,6506,147,125
2026-06-16,NC-06,NC-06-B,60.63,6996,141,122
2026-06-17,NC-06,NC-06-A,64.47,5929,137,114
2026-06-17,NC-06,NC-06-B,50.13,5890,120,108
2026-06-18,NC-06,NC-06-A,58.46,5981,148,129
2026-06-18,NC-06,NC-06-B,62.45,7123,177,157
2026-06-19,NC-06,NC-06-A,62.02,6619,148,130
2026-06-19,NC-06,NC-06-B,62.25,6333,122,102
2026-06-20,NC-06,NC-06-A,59.53,7001,149,136
2026-06-20,NC-06,NC-06-B,69.49,7738,153,139
2026-06-21,NC-06,NC-06-A,71.87,8212,209,187
2026-06-21,NC-06,NC-06-B,55.33,4865,89,79
2026-06-22,NC-06,NC-06-A,52.08,4731,103,90
2026-06-22,NC-06,NC-06-B,67.5,6260,112,97
2026-06-23,NC-06,NC-06-A,60.97,6256,130,112
2026-06-23,NC-06,NC-06-B,58.73,5690,104,88
2026-06-24,NC-06,NC-06-A,69.12,6358,145,127
2026-06-24,NC-06,NC-06-B,56.36,5031,96,89
2026-06-25,NC-06,NC-06-A,69.26,7624,190,169
2026-06-25,NC-06,NC-06-B,57.37,5039,115,101
2026-06-26,NC-06,NC-06-A,69.69,6173,149,132
2026-06-26,NC-06,NC-06-B,68.02,7217,146,127
2026-06-27,NC-06,NC-06-A,58.17,6031,125,113
2026-06-27,NC-06,NC-06-B,74.64,6907,148,129
2026-06-28,NC-06,NC-06-A,57.86,5296,121,111
2026-06-28,NC-06,NC-06-B,61.16,6753,148,123
2026-06-29,NC-06,NC-06-A,58.56,6584,146,134
2026-06-29,NC-06,NC-06-B,69.75,7320,134,117
2026-06-30,NC-06,NC-06-A,58.54,6144,133,116
2026-06-30,NC-06,NC-06-B,59.38,5390,110,93
2026-07-01,NC-06,NC-06-A,67.14,6327,153,140
2026-07-01,NC-06,NC-06-B,68.15,6062,117,98
2026-07-02,NC-06,NC-06-A,69.45,7966,186,161
2026-07-02,NC-06,NC-06-B,66.06,7028,154,139
2026-07-03,NC-06,NC-06-A,64.33,5937,125,114
2026-07-03,NC-06,NC-06-B,68.55,8010,170,151
2026-07-04,NC-06,NC-06-A,66.57,6663,161,144
2026-07-04,NC-06,NC-06-B,61.35,7216,138,117
2026-07-05,NC-06,NC-06-A,55.68,6171,137,119
2026-07-05,NC-06,NC-06-B,58.63,5502,91,79
2026-07-06,NC-06,NC-06-A,54.68,4825,115,109
2026-07-06,NC-06,NC-06-B,69.98,6610,134,116
2026-07-07,NC-06,NC-06-A,58.4,6159,145,126
2026-07-07,NC-06,NC-06-B,69.56,6210,122,105
2026-07-08,NC-06,NC-06-A,65.11,5888,121,108
2026-07-08,NC-06,NC-06-B,65.88,5998,119,104
2026-07-09,NC-06,NC-06-A,61.42,6233,146,127
2026-07-09,NC-06,NC-06-B,59.9,5844,120,101
2026-07-10,NC-06,NC-06-A,55.54,5131,132,114
2026-07-10,NC-06,NC-06-B,61.51,6339,114,92
2026-07-11,NC-06,NC-06-A,53.52,6186,157,139
2026-07-11,NC-06,NC-06-B,63.04,5701,120,103
2026-07-12,NC-06,NC-06-A,53.2,4769,110,95
2026-07-12,NC-06,NC-06-B,53.01,6040,109,101
2026-07-13,NC-06,NC-06-A,62.6,5697,142,128
2026-07-13,NC-06,NC-06-B,54.86,4869,92,85
2026-07-14,NC-06,NC-06-A,57.09,5119,136,110
2026-07-14,NC-06,NC-06-B,60.74,7133,143,127
2026-07-15,NC-06,NC-06-A,48.5,4319,113,102
2026-07-15,NC-06,NC-06-B,58.58,6026,132,118
2026-07-16,NC-06,NC-06-A,59.91,7044,148,134
2026-07-16,NC-06,NC-06-B,51.23,4664,104,97
2026-07-17,NC-06,NC-06-A,54.73,5599,134,110
2026-07-17,NC-06,NC-06-B,58.27,6255,139,117
2026-07-18,NC-06,NC-06-A,56.9,6447,169,152
2026-07-18,NC-06,NC-06-B,66.36,6121,111,93
2026-07-19,NC-06,NC-06-A,61.62,5705,136,120
2026-07-19,NC-06,NC-06-B,49.84,4934,123,111
2026-07-20,NC-06,NC-06-A,57.67,5370,142,116
2026-07-20,NC-06,NC-06-B,46.21,5001,91,85
2026-07-21,NC-06,NC-06-A,51.41,5581,145,127
2026-07-21,NC-06,NC-06-B,49.14,4712,77,70
2026-07-22,NC-06,NC-06-A,44.55,4319,103,91
2026-07-22,NC-06,NC-06-B,45.88,4094,81,70
2026-07-23,NC-06,NC-06-A,57.47,5200,125,105
2026-07-23,NC-06,NC-06-B,52.92,5160,114,99
2026-07-24,NC-06,NC-06-A,49.01,5170,129,111
2026-07-24,NC-06,NC-06-B,52.84,4961,89,81
2026-07-25,NC-06,NC-06-A,46.75,5401,131,116
2026-07-25,NC-06,NC-06-B,54.69,6248,135,120
2026-07-26,NC-06,NC-06-A,53.75,5696,119,107
2026-07-26,NC-06,NC-06-B,60.34,6025,107,95
2026-07-27,NC-06,NC-06-A,48.2,5098,126,116
2026-07-27,NC-06,NC-06-B,51.03,5094,85,76
2026-07-28,NC-06,NC-06-A,49.63,5105,119,106
2026-07-28,NC-06,NC-06-B,42.11,4833,95,85
2026-07-29,NC-06,NC-06-A,55.57,5460,134,118
2026-07-29,NC-06,NC-06-B,47.37,5186,102,93
2026-07-30,NC-06,NC-06-A,54.28,4989,104,91
2026-07-30,NC-06,NC-06-B,53.63,4789,91,78
2026-07-31,NC-06,NC-06-A,48.5,5166,123,105
2026-07-31,NC-06,NC-06-B,49.14,4552,97,85
2026-08-01,NC-06,NC-06-A,55.05,5172,128,114
2026-08-01,NC-06,NC-06-B,55.0,6258,133,119
2026-08-02,NC-06,NC-06-A,55.89,4966,124,105
2026-08-02,NC-06,NC-06-B,44.14,4402,83,76
2026-08-03,NC-06,NC-06-A,52.15,5884,143,123
2026-08-03,NC-06,NC-06-B,48.1,5413,109,97
2026-08-04,NC-06,NC-06-A,47.29,4322,91,76
2026-08-04,NC-06,NC-06-B,50.4,4740,100,89
2026-08-05,NC-06,NC-06-A,48.9,4814,111,103
2026-08-05,NC-06,NC-06-B,53.05,5665,104,96
2026-08-06,NC-06,NC-06-A,51.45,4732,114,100
2026-08-06,NC-06,NC-06-B,46.55,4460,95,83
2026-08-07,NC-06,NC-06-A,42.04,4174,89,75
2026-08-07,NC-06,NC-06-B,51.7,4711,96,85
2026-08-08,NC-06,NC-06-A,52.6,5558,133,119
2026-08-08,NC-06,NC-06-B,45.35,5298,119,107
2026-08-09,NC-06,NC-06-A,51.48,5303,102,89
2026-08-09,NC-06,NC-06-B,49.17,4583,98,87
2026-08-10,NC-06,NC-06-A,42.13,4053,87,78
2026-08-10,NC-06,NC-06-B,53.04,5491,110,95
2026-08-11,NC-06,NC-06-A,51.71,5742,145,124
2026-08-11,NC-06,NC-06-B,47.86,4592,106,90
2026-08-12,NC-06,NC-06-A,56.68,6140,156,133
2026-08-12,NC-06,NC-06-B,49.51,4416,83,74
2026-08-13,NC-06,NC-06-A,50.2,5875,135,118
2026-08-13,NC-06,NC-06-B,44.42,4333,84,74
2026-08-14,NC-06,NC-06-A,58.17,5789,149,133
2026-08-14,NC-06,NC-06-B,56.22,5126,113,92
2026-08-15,NC-06,NC-06-A,62.35,5495,123,109
2026-08-15,NC-06,NC-06-B,58.02,6579,120,100
2026-08-16,NC-06,NC-06-A,61.73,5471,111,99
2026-08-16,NC-06,NC-06-B,53.55,4851,113,99
2026-08-17,NC-06,NC-06-A,51.14,4878,123,107
2026-08-17,NC-06,NC-06-B,57.75,5849,127,112
2026-08-18,NC-06,NC-06-A,55.67,6150,152,133
2026-08-18,NC-06,NC-06-B,50.05,4793,112,103
2026-08-19,NC-06,NC-06-A,58.03,6378,159,141
2026-08-19,NC-06,NC-06-B,58.83,5494,119,110
2026-08-20,NC-06,NC-06-A,58.78,5716,136,121
2026-08-20,NC-06,NC-06-B,46.91,4612,88,79
2026-08-21,NC-06,NC-06-A,53.47,5357,115,96
2026-08-21,NC-06,NC-06-B,53.95,5660,105,91
2026-08-22,NC-06,NC-06-A,65.41,6032,128,109
2026-08-22,NC-06,NC-06-B,59.55,6481,155,138
2026-08-23,NC-06,NC-06-A,62.11,5570,127,110
2026-08-23,NC-06,NC-06-B,60.52,6298,111,94
2026-08-24,NC-06,NC-06-A,58.17,6755,191,171
2026-08-24,NC-06,NC-06-B,63.36,7378,160,143
2026-08-25,NC-06,NC-06-A,60.67,6247,159,140
2026-08-25,NC-06,NC-06-B,60.07,6545,125,109
2026-08-26,NC-06,NC-06-A,54.7,5980,134,115
2026-08-26,NC-06,NC-06-B,65.36,7337,163,149
2026-08-27,NC-06,NC-06-A,61.33,6661,164,142
2026-08-27,NC-06,NC-06-B,60.05,5936,109,87
2026-08-28,NC-06,NC-06-A,65.53,6163,136,125
2026-08-28,NC-06,NC-06-B,58.24,6548,119,107
2026-08-29,NC-06,NC-06-A,67.73,6792,179,158
2026-08-29,NC-06,NC-06-B,67.09,7867,150,130
2026-08-30,NC-06,NC-06-A,67.81,6174,133,120
2026-08-30,NC-06,NC-06-B,68.69,6599,107,98
2026-08-31,NC-06,NC-06-A,61.47,6798,153,140
2026-08-31,NC-06,NC-06-B,68.61,6488,124,108
2026-09-01,NC-06,NC-06-A,60.49,5988,119,106
2026-09-01,NC-06,NC-06-B,67.36,6131,133,123
2026-09-02,NC-06,NC-06-A,55.44,5849,144,123
2026-09-02,NC-06,NC-06-B,56.48,6217,126,110
2026-09-03,NC-06,NC-06-A,59.23,6376,156,138
2026-09-03,NC-06,NC-06-B,54.11,6137,129,113
2026-09-04,NC-06,NC-06-A,63.6,6992,180,151
2026-09-04,NC-06,NC-06-B,69.63,6671,129,117
2026-09-05,NC-06,NC-06-A,71.31,6606,154,135
2026-09-05,NC-06,NC-06-B,70.03,6606,122,110
2026-09-06,NC-06,NC-06-A,66.55,5886,126,112
2026-09-06,NC-06,NC-06-B,65.44,6292,105,97
2026-09-07,NC-06,NC-06-A,59.0,5273,139,126
2026-09-07,NC-06,NC-06-B,70.99,8115,165,142
2026-09-08,NC-06,NC-06-A,60.74,6188,141,125
2026-09-08,NC-06,NC-06-B,61.57,7219,132,109
2026-09-09,NC-06,NC-06-A,70.65,6144,149,131
2026-09-09,NC-06,NC-06-B,68.29,6208,128,119
2026-09-10,NC-06,NC-06-A,54.13,6085,135,124
2026-09-10,NC-06,NC-06-B,67.95,7483,149,130
2026-09-11,NC-06,NC-06-A,61.6,6578,160,141
2026-09-11,NC-06,NC-06-B,58.67,5551,112,102
2026-09-12,NC-06,NC-06-A,66.31,7029,162,143
2026-09-12,NC-06,NC-06-B,68.36,7815,167,145
2026-09-13,NC-06,NC-06-A,62.73,6838,150,135
2026-09-13,NC-06,NC-06-B,60.89,7072,146,121
2026-09-14,NC-06,NC-06-A,59.47,5960,153,132
2026-09-14,NC-06,NC-06-B,64.51,7577,148,126
2026-09-15,NC-06,NC-06-A,51.65,5615,129,114
2026-09-15,NC-06,NC-06-B,52.43,5938,103,86
2026-09-16,NC-06,NC-06-A,61.73,7087,160,144
2026-09-16,NC-06,NC-06-B,59.03,5685,104,86
2026-09-17,NC-06,NC-06-A,54.29,4884,103,91
2026-09-17,NC-06,NC-06-B,61.92,6977,141,120
2026-09-18,NC-06,NC-06-A,55.0,4843,126,115
2026-09-18,NC-06,NC-06-B,53.18,4760,95,85
2026-09-19,NC-06,NC-06-A,62.69,7252,163,149
2026-09-19,NC-06,NC-06-B,63.68,6321,139,126
2026-09-20,NC-06,NC-06-A,61.14,6968,153,131
2026-09-20,NC-06,NC-06-B,58.97,5416,108,93
2026-09-21,NC-06,NC-06-A,52.63,5849,133,117
2026-09-21,NC-06,NC-06-B,48.94,4671,88,79
2026-09-22,NC-06,NC-06-A,59.02,5721,144,127
2026-09-22,NC-06,NC-06-B,52.5,4831,88,74
2026-09-23,NC-06,NC-06-A,53.68,5241,126,109
2026-09-23,NC-06,NC-06-B,58.29,5179,105,86
2026-09-24,NC-06,NC-06-A,50.95,4642,97,86
2026-09-24,NC-06,NC-06-B,62.36,7095,135,118
2026-09-25,NC-06,NC-06-A,52.65,6144,137,118
2026-09-25,NC-06,NC-06-B,59.71,5321,107,96
2026-09-26,NC-06,NC-06-A,65.86,7019,175,150
2026-09-26,NC-06,NC-06-B,55.45,4856,115,102
2026-09-27,NC-06,NC-06-A,61.43,6201,163,139
2026-09-27,NC-06,NC-06-B,52.07,4938,108,101
2026-09-28,NC-06,NC-06-A,54.62,5128,120,108
2026-09-28,NC-06,NC-06-B,59.43,6856,147,129
2026-09-29,NC-06,NC-06-A,56.94,5873,131,114
2026-09-29,NC-06,NC-06-B,53.82,5723,110,92
2026-09-30,NC-06,NC-06-A,58.45,5611,132,120
2026-09-30,NC-06,NC-06-B,46.45,4287,90,82
2026-04-04,NC-07,NC-07-A,70.62,6215,120,107
2026-04-04,NC-07,NC-07-B,89.24,9802,143,132
2026-04-05,NC-07,NC-07-A,84.3,7792,158,135
2026-04-05,NC-07,NC-07-B,80.48,9324,133,113
2026-04-06,NC-07,NC-07-A,68.23,6586,133,107
2026-04-06,NC-07,NC-07-B,74.28,7202,129,114
2026-04-07,NC-07,NC-07-A,78.73,8944,170,147
2026-04-07,NC-07,NC-07-B,90.93,8851,151,131
2026-04-08,NC-07,NC-07-A,75.37,7635,139,124
2026-04-08,NC-07,NC-07-B,91.36,9470,149,134
2026-04-09,NC-07,NC-07-A,75.11,6854,126,107
2026-04-09,NC-07,NC-07-B,90.53,8739,150,128
2026-04-10,NC-07,NC-07-A,89.68,9168,162,142
2026-04-10,NC-07,NC-07-B,94.16,8743,118,104
2026-04-11,NC-07,NC-07-A,93.08,8794,162,142
2026-04-11,NC-07,NC-07-B,95.09,10318,165,144
2026-04-12,NC-07,NC-07-A,96.74,10687,199,172
2026-04-12,NC-07,NC-07-B,100.66,11648,179,162
2026-04-13,NC-07,NC-07-A,89.67,8949,158,140
2026-04-13,NC-07,NC-07-B,92.05,8779,134,118
2026-04-14,NC-07,NC-07-A,97.87,8653,162,145
2026-04-14,NC-07,NC-07-B,94.25,8751,152,134
2026-04-15,NC-07,NC-07-A,86.81,9530,190,169
2026-04-15,NC-07,NC-07-B,96.48,8749,165,149
2026-04-16,NC-07,NC-07-A,87.36,9053,170,152
2026-04-16,NC-07,NC-07-B,73.82,7794,154,136
2026-04-17,NC-07,NC-07-A,86.79,9987,196,169
2026-04-17,NC-07,NC-07-B,80.45,7817,132,110
2026-04-18,NC-07,NC-07-A,82.77,7564,129,114
2026-04-18,NC-07,NC-07-B,105.74,10340,161,145
2026-04-19,NC-07,NC-07-A,96.0,9894,172,145
2026-04-19,NC-07,NC-07-B,103.66,10922,174,152
2026-04-20,NC-07,NC-07-A,76.18,7989,153,132
2026-04-20,NC-07,NC-07-B,79.63,7131,105,95
2026-04-21,NC-07,NC-07-A,78.34,7278,156,132
2026-04-21,NC-07,NC-07-B,81.64,7820,155,128
2026-04-22,NC-07,NC-07-A,94.07,8889,175,154
2026-04-22,NC-07,NC-07-B,99.57,8902,145,129
2026-04-23,NC-07,NC-07-A,89.24,9995,210,189
2026-04-23,NC-07,NC-07-B,79.57,9076,152,130
2026-04-24,NC-07,NC-07-A,82.44,9423,206,185
2026-04-24,NC-07,NC-07-B,96.15,10835,171,158
2026-04-25,NC-07,NC-07-A,91.67,8238,156,143
2026-04-25,NC-07,NC-07-B,105.27,10361,171,150
2026-04-26,NC-07,NC-07-A,84.85,9957,181,162
2026-04-26,NC-07,NC-07-B,99.68,10436,187,176
2026-04-27,NC-07,NC-07-A,98.8,10219,176,163
2026-04-27,NC-07,NC-07-B,88.1,7819,130,113
2026-04-28,NC-07,NC-07-A,75.78,6984,138,126
2026-04-28,NC-07,NC-07-B,94.46,8716,157,139
2026-04-29,NC-07,NC-07-A,84.46,8864,166,147
2026-04-29,NC-07,NC-07-B,82.1,7221,131,115
2026-04-30,NC-07,NC-07-A,83.24,7599,145,129
2026-04-30,NC-07,NC-07-B,95.15,9301,151,137
2026-05-01,NC-07,NC-07-A,91.72,8033,136,120
2026-05-01,NC-07,NC-07-B,95.38,9100,140,126
2026-05-02,NC-07,NC-07-A,82.23,8157,171,145
2026-05-02,NC-07,NC-07-B,84.58,7560,117,106
2026-05-03,NC-07,NC-07-A,82.47,7189,137,116
2026-05-03,NC-07,NC-07-B,96.33,8946,152,137
2026-05-04,NC-07,NC-07-A,87.02,9283,156,132
2026-05-04,NC-07,NC-07-B,85.55,7617,105,93
2026-05-05,NC-07,NC-07-A,82.77,8571,174,159
2026-05-05,NC-07,NC-07-B,92.48,9396,166,150
2026-05-06,NC-07,NC-07-A,80.81,7481,167,144
2026-05-06,NC-07,NC-07-B,71.19,6412,105,95
2026-05-07,NC-07,NC-07-A,74.34,7803,143,131
2026-05-07,NC-07,NC-07-B,74.62,7257,116,100
2026-05-08,NC-07,NC-07-A,74.0,7139,126,108
2026-05-08,NC-07,NC-07-B,70.54,6782,135,121
2026-05-09,NC-07,NC-07-A,82.48,8944,195,165
2026-05-09,NC-07,NC-07-B,91.25,9589,140,114
2026-05-10,NC-07,NC-07-A,76.12,7409,150,132
2026-05-10,NC-07,NC-07-B,87.38,9921,170,142
2026-05-11,NC-07,NC-07-A,82.28,8029,145,136
2026-05-11,NC-07,NC-07-B,76.74,8180,134,120
2026-05-12,NC-07,NC-07-A,78.3,6863,117,105
2026-05-12,NC-07,NC-07-B,83.76,7642,129,112
2026-05-13,NC-07,NC-07-A,74.23,7161,121,109
2026-05-13,NC-07,NC-07-B,81.39,8419,140,131
2026-05-14,NC-07,NC-07-A,71.99,7020,126,109
2026-05-14,NC-07,NC-07-B,83.62,9690,158,144
2026-05-15,NC-07,NC-07-A,62.31,7230,129,117
2026-05-15,NC-07,NC-07-B,69.6,7128,105,95
2026-05-16,NC-07,NC-07-A,65.39,6399,120,103
2026-05-16,NC-07,NC-07-B,76.71,8296,137,118
2026-05-17,NC-07,NC-07-A,80.73,8591,167,151
2026-05-17,NC-07,NC-07-B,78.58,7833,125,114
2026-05-18,NC-07,NC-07-A,77.37,6875,126,110
2026-05-18,NC-07,NC-07-B,62.07,6345,92,83
2026-05-19,NC-07,NC-07-A,72.83,7111,152,132
2026-05-19,NC-07,NC-07-B,76.61,8339,143,124
2026-05-20,NC-07,NC-07-A,71.3,7568,154,134
2026-05-20,NC-07,NC-07-B,60.53,5383,93,82
2026-05-21,NC-07,NC-07-A,74.38,7211,129,107
2026-05-21,NC-07,NC-07-B,73.49,6513,104,92
2026-05-22,NC-07,NC-07-A,57.94,5650,98,88
2026-05-22,NC-07,NC-07-B,74.55,6585,119,104
2026-05-23,NC-07,NC-07-A,82.22,8601,169,151
2026-05-23,NC-07,NC-07-B,68.34,7567,127,114
2026-05-24,NC-07,NC-07-A,77.35,7303,148,130
2026-05-24,NC-07,NC-07-B,75.08,6781,102,93
2026-05-25,NC-07,NC-07-A,74.02,8687,166,146
2026-05-25,NC-07,NC-07-B,59.22,5719,97,86
2026-05-26,NC-07,NC-07-A,60.77,5407,102,91
2026-05-26,NC-07,NC-07-B,66.47,6872,122,116
2026-05-27,NC-07,NC-07-A,60.99,5395,100,86
2026-05-27,NC-07,NC-07-B,69.68,6891,90,80
2026-05-28,NC-07,NC-07-A,66.19,7366,134,117
2026-05-28,NC-07,NC-07-B,62.92,5850,131,113
2026-05-29,NC-07,NC-07-A,70.9,6845,125,106
2026-05-29,NC-07,NC-07-B,63.88,6240,109,92
2026-05-30,NC-07,NC-07-A,69.21,6392,126,111
2026-05-30,NC-07,NC-07-B,80.55,7136,99,82
2026-05-31,NC-07,NC-07-A,72.29,7356,163,132
2026-05-31,NC-07,NC-07-B,82.29,7354,118,99
2026-06-01,NC-07,NC-07-A,67.43,6474,117,100
2026-06-01,NC-07,NC-07-B,59.99,6879,117,105
2026-06-02,NC-07,NC-07-A,65.95,7423,143,119
2026-06-02,NC-07,NC-07-B,76.37,7678,131,114
2026-06-03,NC-07,NC-07-A,78.54,7628,156,135
2026-06-03,NC-07,NC-07-B,78.03,7961,123,113
2026-06-04,NC-07,NC-07-A,74.82,6996,155,130
2026-06-04,NC-07,NC-07-B,78.04,8047,137,126
2026-06-05,NC-07,NC-07-A,80.57,7393,151,136
2026-06-05,NC-07,NC-07-B,70.76,6184,89,80
2026-06-06,NC-07,NC-07-A,75.89,7091,131,119
2026-06-06,NC-07,NC-07-B,72.51,6852,120,100
2026-06-07,NC-07,NC-07-A,80.55,8171,159,136
2026-06-07,NC-07,NC-07-B,72.27,6867,124,111
2026-06-08,NC-07,NC-07-A,80.18,7123,133,120
2026-06-08,NC-07,NC-07-B,64.15,6208,101,90
2026-06-09,NC-07,NC-07-A,73.48,7827,137,124
2026-06-09,NC-07,NC-07-B,80.73,8121,131,115
2026-06-10,NC-07,NC-07-A,82.21,9464,210,174
2026-06-10,NC-07,NC-07-B,67.3,6193,104,94
2026-06-11,NC-07,NC-07-A,81.98,8689,147,126
2026-06-11,NC-07,NC-07-B,81.72,9538,147,130
2026-06-12,NC-07,NC-07-A,86.26,8785,160,132
2026-06-12,NC-07,NC-07-B,88.19,8620,149,135
2026-06-13,NC-07,NC-07-A,88.53,7856,143,123
2026-06-13,NC-07,NC-07-B,96.05,10865,170,150
2026-06-14,NC-07,NC-07-A,96.22,10963,204,176
2026-06-14,NC-07,NC-07-B,81.62,8057,118,104
2026-06-15,NC-07,NC-07-A,73.28,7135,134,111
2026-06-15,NC-07,NC-07-B,87.89,7884,127,113
2026-06-16,NC-07,NC-07-A,86.0,8118,180,167
2026-06-16,NC-07,NC-07-B,86.6,8303,124,115
2026-06-17,NC-07,NC-07-A,93.63,10892,216,190
2026-06-17,NC-07,NC-07-B,82.02,7496,122,96
2026-06-18,NC-07,NC-07-A,78.62,9180,190,163
2026-06-18,NC-07,NC-07-B,88.68,9131,154,138
2026-06-19,NC-07,NC-07-A,89.91,7958,172,157
2026-06-19,NC-07,NC-07-B,87.36,7970,160,141
2026-06-20,NC-07,NC-07-A,89.76,8554,166,156
2026-06-20,NC-07,NC-07-B,93.33,10431,180,161
2026-06-21,NC-07,NC-07-A,93.18,8149,161,146
2026-06-21,NC-07,NC-07-B,93.65,8924,158,139
2026-06-22,NC-07,NC-07-A,80.49,8202,165,147
2026-06-22,NC-07,NC-07-B,83.81,9131,157,135
2026-06-23,NC-07,NC-07-A,92.51,8162,167,150
2026-06-23,NC-07,NC-07-B,97.24,9351,158,132
2026-06-24,NC-07,NC-07-A,76.9,7841,153,138
2026-06-24,NC-07,NC-07-B,97.13,10844,164,144
2026-06-25,NC-07,NC-07-A,96.59,9197,181,164
2026-06-25,NC-07,NC-07-B,86.41,8413,149,135
2026-06-26,NC-07,NC-07-A,87.04,8342,160,142
2026-06-26,NC-07,NC-07-B,81.48,7967,123,111
2026-06-27,NC-07,NC-07-A,98.53,11054,210,172
2026-06-27,NC-07,NC-07-B,97.77,11300,180,164
2026-06-28,NC-07,NC-07-A,106.68,10745,216,197
2026-06-28,NC-07,NC-07-B,91.2,9068,144,119
2026-06-29,NC-07,NC-07-A,99.17,10746,207,184
2026-06-29,NC-07,NC-07-B,92.96,8419,144,129
2026-06-30,NC-07,NC-07-A,92.93,9772,206,179
2026-06-30,NC-07,NC-07-B,83.98,8050,148,130
2026-07-01,NC-07,NC-07-A,91.99,9019,173,152
2026-07-01,NC-07,NC-07-B,98.92,9329,163,142
2026-07-02,NC-07,NC-07-A,81.21,8720,135,117
2026-07-02,NC-07,NC-07-B,81.44,9009,157,138
2026-07-03,NC-07,NC-07-A,78.62,7865,162,138
2026-07-03,NC-07,NC-07-B,78.88,9068,145,125
2026-07-04,NC-07,NC-07-A,90.14,10046,214,189
2026-07-04,NC-07,NC-07-B,87.74,9269,155,128
2026-07-05,NC-07,NC-07-A,95.42,8888,155,134
2026-07-05,NC-07,NC-07-B,95.12,9127,166,148
2026-07-06,NC-07,NC-07-A,92.36,9761,184,163
2026-07-06,NC-07,NC-07-B,77.12,6892,117,111
2026-07-07,NC-07,NC-07-A,80.17,6977,148,129
2026-07-07,NC-07,NC-07-B,80.64,8336,136,123
2026-07-08,NC-07,NC-07-A,95.34,8956,171,150
2026-07-08,NC-07,NC-07-B,72.02,6922,119,104
2026-07-09,NC-07,NC-07-A,76.81,8398,166,150
2026-07-09,NC-07,NC-07-B,95.29,8787,152,133
2026-07-10,NC-07,NC-07-A,82.85,9241,166,154
2026-07-10,NC-07,NC-07-B,88.88,8234,129,114
2026-07-11,NC-07,NC-07-A,85.36,8097,166,156
2026-07-11,NC-07,NC-07-B,83.66,7376,108,86
2026-07-12,NC-07,NC-07-A,80.74,7130,139,125
2026-07-12,NC-07,NC-07-B,88.97,8235,143,125
2026-07-13,NC-07,NC-07-A,81.24,7339,144,127
2026-07-13,NC-07,NC-07-B,77.61,6970,119,106
2026-07-14,NC-07,NC-07-A,78.11,7074,142,125
2026-07-14,NC-07,NC-07-B,85.84,7558,121,106
2026-07-15,NC-07,NC-07-A,74.66,6803,130,117
2026-07-15,NC-07,NC-07-B,89.64,8836,161,139
2026-07-16,NC-07,NC-07-A,68.94,6444,140,123
2026-07-16,NC-07,NC-07-B,72.54,7329,132,109
2026-07-17,NC-07,NC-07-A,83.81,7696,158,131
2026-07-17,NC-07,NC-07-B,70.39,6881,133,119
2026-07-18,NC-07,NC-07-A,92.59,10331,211,189
2026-07-18,NC-07,NC-07-B,83.18,8018,135,113
2026-07-19,NC-07,NC-07-A,81.81,7245,134,126
2026-07-19,NC-07,NC-07-B,69.47,7434,122,110
2026-07-20,NC-07,NC-07-A,82.04,8866,171,155
2026-07-20,NC-07,NC-07-B,75.94,7439,124,110
2026-07-21,NC-07,NC-07-A,64.23,6471,109,101
2026-07-21,NC-07,NC-07-B,76.39,7315,132,115
2026-07-22,NC-07,NC-07-A,82.65,8407,171,147
2026-07-22,NC-07,NC-07-B,71.63,6669,119,104
2026-07-23,NC-07,NC-07-A,62.56,7277,146,126
2026-07-23,NC-07,NC-07-B,71.38,7741,132,113
2026-07-24,NC-07,NC-07-A,69.88,6116,107,90
2026-07-24,NC-07,NC-07-B,64.24,6636,107,94
2026-07-25,NC-07,NC-07-A,75.26,6923,129,114
2026-07-25,NC-07,NC-07-B,69.12,7399,116,98
2026-07-26,NC-07,NC-07-A,82.56,7768,159,138
2026-07-26,NC-07,NC-07-B,77.83,8425,129,114
2026-07-27,NC-07,NC-07-A,59.63,6466,149,123
2026-07-27,NC-07,NC-07-B,60.13,5815,111,101
2026-07-28,NC-07,NC-07-A,60.05,6534,107,89
2026-07-28,NC-07,NC-07-B,61.98,5458,83,72
2026-07-29,NC-07,NC-07-A,63.29,5885,123,107
2026-07-29,NC-07,NC-07-B,75.02,6763,113,95
2026-07-30,NC-07,NC-07-A,73.95,7242,151,128
2026-07-30,NC-07,NC-07-B,66.1,6072,81,70
2026-07-31,NC-07,NC-07-A,64.6,7073,136,124
2026-07-31,NC-07,NC-07-B,58.05,6610,117,102
2026-08-01,NC-07,NC-07-A,73.96,8483,165,146
2026-08-01,NC-07,NC-07-B,66.91,7851,131,104
2026-08-02,NC-07,NC-07-A,81.18,8707,168,149
2026-08-02,NC-07,NC-07-B,82.38,7534,141,132
2026-08-03,NC-07,NC-07-A,69.69,6081,139,128
2026-08-03,NC-07,NC-07-B,68.54,6924,121,95
2026-08-04,NC-07,NC-07-A,57.53,5752,116,100
2026-08-04,NC-07,NC-07-B,73.72,6623,127,118
2026-08-05,NC-07,NC-07-A,68.66,7949,150,132
2026-08-05,NC-07,NC-07-B,66.37,7543,127,111
2026-08-06,NC-07,NC-07-A,74.4,7661,171,152
2026-08-06,NC-07,NC-07-B,77.6,7236,111,89
2026-08-07,NC-07,NC-07-A,59.23,6062,109,97
2026-08-07,NC-07,NC-07-B,74.03,7011,126,106
2026-08-08,NC-07,NC-07-A,79.96,7367,153,126
2026-08-08,NC-07,NC-07-B,76.27,8718,154,143
2026-08-09,NC-07,NC-07-A,83.96,8576,171,146
2026-08-09,NC-07,NC-07-B,67.63,7762,143,130
2026-08-10,NC-07,NC-07-A,72.11,7356,143,129
2026-08-10,NC-07,NC-07-B,79.36,8682,162,148
2026-08-11,NC-07,NC-07-A,61.62,7062,132,120
2026-08-11,NC-07,NC-07-B,66.18,7016,121,109
2026-08-12,NC-07,NC-07-A,76.63,7705,157,134
2026-08-12,NC-07,NC-07-B,60.8,5493,102,95
2026-08-13,NC-07,NC-07-A,64.7,6970,142,123
2026-08-13,NC-07,NC-07-B,70.75,7296,139,129
2026-08-14,NC-07,NC-07-A,66.68,7178,139,123
2026-08-14,NC-07,NC-07-B,74.75,7468,123,109
2026-08-15,NC-07,NC-07-A,69.05,6422,126,112
2026-08-15,NC-07,NC-07-B,73.04,6419,106,97
2026-08-16,NC-07,NC-07-A,70.55,7989,147,130
2026-08-16,NC-07,NC-07-B,88.87,8243,138,117
2026-08-17,NC-07,NC-07-A,77.03,6765,137,123
2026-08-17,NC-07,NC-07-B,75.13,8244,119,103
2026-08-18,NC-07,NC-07-A,67.0,5927,108,93
2026-08-18,NC-07,NC-07-B,84.52,7992,123,104
2026-08-19,NC-07,NC-07-A,84.5,7893,150,124
2026-08-19,NC-07,NC-07-B,66.82,7442,130,116
2026-08-20,NC-07,NC-07-A,81.16,8999,185,167
2026-08-20,NC-07,NC-07-B,72.17,7548,118,106
2026-08-21,NC-07,NC-07-A,78.02,7020,139,124
2026-08-21,NC-07,NC-07-B,74.0,6700,121,105
2026-08-22,NC-07,NC-07-A,91.75,8714,199,172
2026-08-22,NC-07,NC-07-B,89.73,9788,172,153
2026-08-23,NC-07,NC-07-A,83.89,7327,151,139
2026-08-23,NC-07,NC-07-B,93.79,10902,196,169
2026-08-24,NC-07,NC-07-A,69.91,6288,138,114
2026-08-24,NC-07,NC-07-B,85.5,9413,158,143
2026-08-25,NC-07,NC-07-A,79.22,8235,161,149
2026-08-25,NC-07,NC-07-B,83.06,8539,121,107
2026-08-26,NC-07,NC-07-A,88.11,9039,168,143
2026-08-26,NC-07,NC-07-B,80.73,7115,121,105
2026-08-27,NC-07,NC-07-A,95.16,8854,160,137
2026-08-27,NC-07,NC-07-B,90.19,9376,162,138
2026-08-28,NC-07,NC-07-A,88.89,7836,153,132
2026-08-28,NC-07,NC-07-B,76.9,7465,106,95
2026-08-29,NC-07,NC-07-A,99.74,9494,179,156
2026-08-29,NC-07,NC-07-B,83.86,7499,96,80
2026-08-30,NC-07,NC-07-A,94.9,9447,197,177
2026-08-30,NC-07,NC-07-B,89.98,10160,169,143
2026-08-31,NC-07,NC-07-A,84.49,8862,160,141
2026-08-31,NC-07,NC-07-B,80.86,8040,129,115
2026-09-01,NC-07,NC-07-A,82.59,9251,187,163
2026-09-01,NC-07,NC-07-B,87.56,7843,137,124
2026-09-02,NC-07,NC-07-A,98.37,10270,195,168
2026-09-02,NC-07,NC-07-B,98.62,11407,164,140
2026-09-03,NC-07,NC-07-A,76.61,8059,169,143
2026-09-03,NC-07,NC-07-B,99.12,8667,136,117
2026-09-04,NC-07,NC-07-A,92.29,10254,203,177
2026-09-04,NC-07,NC-07-B,99.45,11518,165,140
2026-09-05,NC-07,NC-07-A,92.75,8928,181,164
2026-09-05,NC-07,NC-07-B,84.03,8490,130,117
2026-09-06,NC-07,NC-07-A,82.88,7906,161,139
2026-09-06,NC-07,NC-07-B,103.39,12047,182,160
2026-09-07,NC-07,NC-07-A,88.81,9864,217,198
2026-09-07,NC-07,NC-07-B,76.58,8476,131,115
2026-09-08,NC-07,NC-07-A,87.87,8944,165,141
2026-09-08,NC-07,NC-07-B,91.12,8433,120,106
2026-09-09,NC-07,NC-07-A,74.41,6648,117,108
2026-09-09,NC-07,NC-07-B,92.66,8882,129,111
2026-09-10,NC-07,NC-07-A,84.24,8133,156,125
2026-09-10,NC-07,NC-07-B,94.21,10925,207,183
2026-09-11,NC-07,NC-07-A,99.59,9712,202,178
2026-09-11,NC-07,NC-07-B,94.51,9463,168,144
2026-09-12,NC-07,NC-07-A,100.35,10986,215,198
2026-09-12,NC-07,NC-07-B,87.53,8855,158,135
2026-09-13,NC-07,NC-07-A,80.67,7861,151,119
2026-09-13,NC-07,NC-07-B,96.45,9234,163,141
2026-09-14,NC-07,NC-07-A,94.11,8673,166,150
2026-09-14,NC-07,NC-07-B,97.06,10556,195,177
2026-09-15,NC-07,NC-07-A,77.6,8572,148,128
2026-09-15,NC-07,NC-07-B,79.61,9069,154,145
2026-09-16,NC-07,NC-07-A,85.36,8089,155,138
2026-09-16,NC-07,NC-07-B,77.62,7681,133,115
2026-09-17,NC-07,NC-07-A,71.45,8014,181,157
2026-09-17,NC-07,NC-07-B,71.58,6466,124,111
2026-09-18,NC-07,NC-07-A,71.89,6459,138,113
2026-09-18,NC-07,NC-07-B,92.6,8280,143,132
2026-09-19,NC-07,NC-07-A,74.84,7691,133,121
2026-09-19,NC-07,NC-07-B,74.61,8598,130,115
2026-09-20,NC-07,NC-07-A,98.64,11026,202,179
2026-09-20,NC-07,NC-07-B,75.85,8274,147,124
2026-09-21,NC-07,NC-07-A,81.72,9384,180,160
2026-09-21,NC-07,NC-07-B,90.99,8278,152,126
2026-09-22,NC-07,NC-07-A,84.86,9438,223,195
2026-09-22,NC-07,NC-07-B,74.07,6826,98,90
2026-09-23,NC-07,NC-07-A,71.02,7642,161,145
2026-09-23,NC-07,NC-07-B,84.35,9712,158,135
2026-09-24,NC-07,NC-07-A,70.22,7335,145,123
2026-09-24,NC-07,NC-07-B,85.94,7679,119,109
2026-09-25,NC-07,NC-07-A,87.81,8289,156,137
2026-09-25,NC-07,NC-07-B,85.24,7945,131,122
2026-09-26,NC-07,NC-07-A,73.62,6505,146,131
2026-09-26,NC-07,NC-07-B,84.63,7455,111,100
2026-09-27,NC-07,NC-07-A,91.49,10155,191,172
2026-09-27,NC-07,NC-07-B,70.15,7073,115,102
2026-09-28,NC-07,NC-07-A,67.96,6884,152,132
2026-09-28,NC-07,NC-07-B,63.97,6237,101,88
2026-09-29,NC-07,NC-07-A,79.76,9063,172,152
2026-09-29,NC-07,NC-07-B,80.22,8621,134,119
2026-09-30,NC-07,NC-07-A,82.0,8106,169,157
2026-09-30,NC-07,NC-07-B,76.79,9024,130,120
2026-04-04,NC-08,NC-08-A,78.19,7404,152,133
2026-04-04,NC-08,NC-08-B,85.91,8769,162,143
2026-04-05,NC-08,NC-08-A,76.03,6169,126,112
2026-04-05,NC-08,NC-08-B,87.32,8277,149,137
2026-04-06,NC-08,NC-08-A,80.51,6530,117,96
2026-04-06,NC-08,NC-08-B,73.36,7055,126,107
2026-04-07,NC-08,NC-08-A,84.22,7405,146,126
2026-04-07,NC-08,NC-08-B,85.34,8218,160,142
2026-04-08,NC-08,NC-08-A,80.53,6795,130,120
2026-04-08,NC-08,NC-08-B,84.95,7312,127,107
2026-04-09,NC-08,NC-08-A,83.6,7339,164,144
2026-04-09,NC-08,NC-08-B,76.63,7516,133,120
2026-04-10,NC-08,NC-08-A,72.27,6479,153,138
2026-04-10,NC-08,NC-08-B,80.61,7193,114,99
2026-04-11,NC-08,NC-08-A,92.56,9088,184,167
2026-04-11,NC-08,NC-08-B,75.4,7822,121,108
2026-04-12,NC-08,NC-08-A,78.64,7652,145,125
2026-04-12,NC-08,NC-08-B,71.85,7508,134,119
2026-04-13,NC-08,NC-08-A,89.88,9131,201,171
2026-04-13,NC-08,NC-08-B,76.8,7191,131,119
2026-04-14,NC-08,NC-08-A,82.59,6639,128,112
2026-04-14,NC-08,NC-08-B,87.02,7772,149,131
2026-04-15,NC-08,NC-08-A,75.71,7559,155,137
2026-04-15,NC-08,NC-08-B,84.26,6709,135,122
2026-04-16,NC-08,NC-08-A,86.46,7275,122,112
2026-04-16,NC-08,NC-08-B,91.38,8857,147,132
2026-04-17,NC-08,NC-08-A,84.59,6850,136,117
2026-04-17,NC-08,NC-08-B,69.04,6469,116,94
2026-04-18,NC-08,NC-08-A,80.67,6474,131,114
2026-04-18,NC-08,NC-08-B,79.07,6378,122,110
2026-04-19,NC-08,NC-08-A,83.0,6866,149,125
2026-04-19,NC-08,NC-08-B,85.6,7787,135,120
2026-04-20,NC-08,NC-08-A,73.23,5794,120,107
2026-04-20,NC-08,NC-08-B,82.69,7490,111,101
2026-04-21,NC-08,NC-08-A,90.24,9597,192,170
2026-04-21,NC-08,NC-08-B,75.19,6926,125,112
2026-04-22,NC-08,NC-08-A,72.54,6521,124,108
2026-04-22,NC-08,NC-08-B,75.37,6636,106,92
2026-04-23,NC-08,NC-08-A,72.77,6962,137,114
2026-04-23,NC-08,NC-08-B,78.4,7056,132,122
2026-04-24,NC-08,NC-08-A,90.74,7438,145,130
2026-04-24,NC-08,NC-08-B,75.27,7111,133,118
2026-04-25,NC-08,NC-08-A,86.0,8533,154,132
2026-04-25,NC-08,NC-08-B,81.44,8271,142,120
2026-04-26,NC-08,NC-08-A,73.51,7428,148,118
2026-04-26,NC-08,NC-08-B,77.78,7397,139,127
2026-04-27,NC-08,NC-08-A,90.94,9696,195,172
2026-04-27,NC-08,NC-08-B,75.91,6356,109,97
2026-04-28,NC-08,NC-08-A,84.92,8330,185,164
2026-04-28,NC-08,NC-08-B,85.23,8181,152,131
2026-04-29,NC-08,NC-08-A,74.59,7061,138,129
2026-04-29,NC-08,NC-08-B,72.26,6172,114,101
2026-04-30,NC-08,NC-08-A,67.65,5951,119,104
2026-04-30,NC-08,NC-08-B,77.17,6679,108,94
2026-05-01,NC-08,NC-08-A,71.82,6604,131,115
2026-05-01,NC-08,NC-08-B,83.57,7376,142,117
2026-05-02,NC-08,NC-08-A,76.67,6838,134,119
2026-05-02,NC-08,NC-08-B,80.05,7822,139,119
2026-05-03,NC-08,NC-08-A,87.33,9009,191,163
2026-05-03,NC-08,NC-08-B,72.79,7342,137,120
2026-05-04,NC-08,NC-08-A,84.43,8923,173,155
2026-05-04,NC-08,NC-08-B,66.12,6126,109,100
2026-05-05,NC-08,NC-08-A,81.85,8226,162,149
2026-05-05,NC-08,NC-08-B,70.72,5690,85,73
2026-05-06,NC-08,NC-08-A,63.78,5069,110,101
2026-05-06,NC-08,NC-08-B,79.1,6388,96,84
2026-05-07,NC-08,NC-08-A,76.12,7030,124,102
2026-05-07,NC-08,NC-08-B,78.0,8000,120,103
2026-05-08,NC-08,NC-08-A,64.98,6385,124,116
2026-05-08,NC-08,NC-08-B,75.66,6990,114,105
2026-05-09,NC-08,NC-08-A,82.96,7178,154,142
2026-05-09,NC-08,NC-08-B,86.16,8189,135,118
2026-05-10,NC-08,NC-08-A,87.71,8283,156,138
2026-05-10,NC-08,NC-08-B,74.37,7424,118,94
2026-05-11,NC-08,NC-08-A,65.82,5306,106,83
2026-05-11,NC-08,NC-08-B,70.06,6160,111,100
2026-05-12,NC-08,NC-08-A,71.44,7049,133,119
2026-05-12,NC-08,NC-08-B,75.68,6285,89,76
2026-05-13,NC-08,NC-08-A,59.02,6156,132,116
2026-05-13,NC-08,NC-08-B,60.92,6512,100,86
2026-05-14,NC-08,NC-08-A,59.19,5049,100,87
2026-05-14,NC-08,NC-08-B,73.51,6273,100,89
2026-05-15,NC-08,NC-08-A,68.56,6804,135,121
2026-05-15,NC-08,NC-08-B,74.06,6689,103,87
2026-05-16,NC-08,NC-08-A,62.47,5981,136,119
2026-05-16,NC-08,NC-08-B,81.11,6824,119,102
2026-05-17,NC-08,NC-08-A,60.79,5336,108,95
2026-05-17,NC-08,NC-08-B,75.6,6065,112,103
2026-05-18,NC-08,NC-08-A,66.04,5345,124,107
2026-05-18,NC-08,NC-08-B,60.27,6165,96,83
2026-05-19,NC-08,NC-08-A,66.11,6668,147,129
2026-05-19,NC-08,NC-08-B,59.94,6394,90,79
2026-05-20,NC-08,NC-08-A,66.56,6136,117,97
2026-05-20,NC-08,NC-08-B,73.09,7524,130,113
2026-05-21,NC-08,NC-08-A,56.55,4633,110,94
2026-05-21,NC-08,NC-08-B,68.3,6618,117,104
2026-05-22,NC-08,NC-08-A,54.24,4312,99,87
2026-05-22,NC-08,NC-08-B,55.36,4391,74,65
2026-05-23,NC-08,NC-08-A,62.16,5735,113,103
2026-05-23,NC-08,NC-08-B,58.68,6190,108,95
2026-05-24,NC-08,NC-08-A,62.96,5054,91,82
2026-05-24,NC-08,NC-08-B,66.8,5511,92,76
2026-05-25,NC-08,NC-08-A,69.37,5740,117,101
2026-05-25,NC-08,NC-08-B,60.04,5201,98,87
2026-05-26,NC-08,NC-08-A,56.21,5614,108,90
2026-05-26,NC-08,NC-08-B,63.17,5850,113,92
2026-05-27,NC-08,NC-08-A,54.18,5566,97,83
2026-05-27,NC-08,NC-08-B,54.32,4461,69,58
2026-05-28,NC-08,NC-08-A,72.43,7117,132,116
2026-05-28,NC-08,NC-08-B,56.52,5210,102,89
2026-05-29,NC-08,NC-08-A,68.94,5698,107,92
2026-05-29,NC-08,NC-08-B,71.39,7050,115,103
2026-05-30,NC-08,NC-08-A,74.68,7535,155,130
2026-05-30,NC-08,NC-08-B,68.06,6447,116,101
2026-05-31,NC-08,NC-08-A,78.51,8031,147,124
2026-05-31,NC-08,NC-08-B,72.22,5838,104,94
2026-06-01,NC-08,NC-08-A,60.74,5694,110,95
2026-06-01,NC-08,NC-08-B,65.63,6084,110,93
2026-06-02,NC-08,NC-08-A,72.96,7263,165,142
2026-06-02,NC-08,NC-08-B,60.24,4849,91,83
2026-06-03,NC-08,NC-08-A,72.21,7123,144,130
2026-06-03,NC-08,NC-08-B,69.41,5556,104,93
2026-06-04,NC-08,NC-08-A,57.47,4656,89,76
2026-06-04,NC-08,NC-08-B,74.01,6545,119,106
2026-06-05,NC-08,NC-08-A,67.78,6797,136,114
2026-06-05,NC-08,NC-08-B,71.04,6936,113,103
2026-06-06,NC-08,NC-08-A,75.82,6734,140,120
2026-06-06,NC-08,NC-08-B,82.48,6647,133,115
2026-06-07,NC-08,NC-08-A,78.02,7557,152,134
2026-06-07,NC-08,NC-08-B,62.75,4978,84,74
2026-06-08,NC-08,NC-08-A,60.48,5166,107,93
2026-06-08,NC-08,NC-08-B,60.14,5567,101,90
2026-06-09,NC-08,NC-08-A,60.1,4902,102,89
2026-06-09,NC-08,NC-08-B,61.01,6201,111,93
2026-06-10,NC-08,NC-08-A,64.96,5360,111,96
2026-06-10,NC-08,NC-08-B,70.26,6819,120,99
2026-06-11,NC-08,NC-08-A,74.96,7539,133,117
2026-06-11,NC-08,NC-08-B,70.23,7395,136,126
2026-06-12,NC-08,NC-08-A,72.86,7697,173,152
2026-06-12,NC-08,NC-08-B,71.72,5711,113,100
2026-06-13,NC-08,NC-08-A,81.58,7611,142,127
2026-06-13,NC-08,NC-08-B,79.88,7797,131,114
2026-06-14,NC-08,NC-08-A,86.35,7545,156,128
2026-06-14,NC-08,NC-08-B,85.5,7611,158,134
2026-06-15,NC-08,NC-08-A,77.64,8152,165,148
2026-06-15,NC-08,NC-08-B,76.06,6878,135,125
2026-06-16,NC-08,NC-08-A,72.38,7535,174,157
2026-06-16,NC-08,NC-08-B,79.32,6962,138,123
2026-06-17,NC-08,NC-08-A,65.63,5276,88,80
2026-06-17,NC-08,NC-08-B,85.67,8128,151,133
2026-06-18,NC-08,NC-08-A,74.72,6619,131,110
2026-06-18,NC-08,NC-08-B,85.7,7889,142,131
2026-06-19,NC-08,NC-08-A,70.21,5875,121,107
2026-06-19,NC-08,NC-08-B,83.1,8844,162,139
2026-06-20,NC-08,NC-08-A,76.5,7321,163,145
2026-06-20,NC-08,NC-08-B,90.71,9608,163,142
2026-06-21,NC-08,NC-08-A,78.43,6415,147,124
2026-06-21,NC-08,NC-08-B,77.67,8180,124,111
2026-06-22,NC-08,NC-08-A,68.53,6386,144,125
2026-06-22,NC-08,NC-08-B,88.36,7293,117,107
2026-06-23,NC-08,NC-08-A,92.22,9093,178,152
2026-06-23,NC-08,NC-08-B,88.48,9080,132,113
2026-06-24,NC-08,NC-08-A,86.22,7379,151,137
2026-06-24,NC-08,NC-08-B,80.21,8484,138,121
2026-06-25,NC-08,NC-08-A,87.55,7364,140,119
2026-06-25,NC-08,NC-08-B,86.35,7353,126,110
2026-06-26,NC-08,NC-08-A,75.67,7332,150,137
2026-06-26,NC-08,NC-08-B,92.5,7412,150,130
2026-06-27,NC-08,NC-08-A,74.38,6989,157,142
2026-06-27,NC-08,NC-08-B,82.74,8456,138,121
2026-06-28,NC-08,NC-08-A,92.73,8119,154,141
2026-06-28,NC-08,NC-08-B,76.14,7763,131,111
2026-06-29,NC-08,NC-08-A,90.81,7808,152,127
2026-06-29,NC-08,NC-08-B,73.71,7466,108,100
2026-06-30,NC-08,NC-08-A,85.28,6871,155,139
2026-06-30,NC-08,NC-08-B,87.39,8949,163,145
2026-07-01,NC-08,NC-08-A,92.76,8531,171,151
2026-07-01,NC-08,NC-08-B,77.42,7953,130,120
2026-07-02,NC-08,NC-08-A,93.46,8772,163,145
2026-07-02,NC-08,NC-08-B,71.69,6590,136,122
2026-07-03,NC-08,NC-08-A,85.67,7752,172,155
2026-07-03,NC-08,NC-08-B,80.53,6416,111,92
2026-07-04,NC-08,NC-08-A,84.04,7709,144,130
2026-07-04,NC-08,NC-08-B,95.59,7805,140,123
2026-07-05,NC-08,NC-08-A,90.9,9173,192,174
2026-07-05,NC-08,NC-08-B,89.72,8169,169,147
2026-07-06,NC-08,NC-08-A,90.65,7825,159,140
2026-07-06,NC-08,NC-08-B,85.21,7589,123,105
2026-07-07,NC-08,NC-08-A,87.95,7985,182,158
2026-07-07,NC-08,NC-08-B,89.68,8598,159,142
2026-07-08,NC-08,NC-08-A,85.65,7573,157,141
2026-07-08,NC-08,NC-08-B,86.69,8013,155,137
2026-07-09,NC-08,NC-08-A,78.14,6891,154,139
2026-07-09,NC-08,NC-08-B,71.47,6932,118,107
2026-07-10,NC-08,NC-08-A,86.4,7782,183,155
2026-07-10,NC-08,NC-08-B,80.89,8055,153,137
2026-07-11,NC-08,NC-08-A,75.96,8030,180,154
2026-07-11,NC-08,NC-08-B,88.82,7250,120,100
2026-07-12,NC-08,NC-08-A,78.82,6610,141,125
2026-07-12,NC-08,NC-08-B,82.02,7198,144,131
2026-07-13,NC-08,NC-08-A,68.31,6578,142,125
2026-07-13,NC-08,NC-08-B,85.24,7411,122,101
2026-07-14,NC-08,NC-08-A,75.06,6150,122,114
2026-07-14,NC-08,NC-08-B,84.73,7529,152,128
2026-07-15,NC-08,NC-08-A,80.12,7866,171,152
2026-07-15,NC-08,NC-08-B,73.65,6230,110,92
2026-07-16,NC-08,NC-08-A,81.81,7911,164,145
2026-07-16,NC-08,NC-08-B,66.65,6487,116,106
2026-07-17,NC-08,NC-08-A,66.61,6679,140,122
2026-07-17,NC-08,NC-08-B,71.03,7586,145,129
2026-07-18,NC-08,NC-08-A,75.88,7412,174,144
2026-07-18,NC-08,NC-08-B,75.12,7108,129,117
2026-07-19,NC-08,NC-08-A,75.46,7174,148,123
2026-07-19,NC-08,NC-08-B,84.75,8001,144,124
2026-07-20,NC-08,NC-08-A,68.54,5885,120,111
2026-07-20,NC-08,NC-08-B,67.82,6361,119,107
2026-07-21,NC-08,NC-08-A,60.18,4888,92,82
2026-07-21,NC-08,NC-08-B,78.75,7250,113,104
2026-07-22,NC-08,NC-08-A,74.8,7748,166,149
2026-07-22,NC-08,NC-08-B,69.37,5948,99,87
2026-07-23,NC-08,NC-08-A,66.52,5406,116,103
2026-07-23,NC-08,NC-08-B,64.82,5720,107,96
2026-07-24,NC-08,NC-08-A,63.89,5191,116,102
2026-07-24,NC-08,NC-08-B,75.54,6814,118,103
2026-07-25,NC-08,NC-08-A,72.22,6449,147,128
2026-07-25,NC-08,NC-08-B,75.23,6403,106,94
2026-07-26,NC-08,NC-08-A,60.52,4927,108,93
2026-07-26,NC-08,NC-08-B,77.78,6241,107,97
2026-07-27,NC-08,NC-08-A,64.92,6007,117,105
2026-07-27,NC-08,NC-08-B,69.98,6926,131,116
2026-07-28,NC-08,NC-08-A,74.06,7024,146,127
2026-07-28,NC-08,NC-08-B,59.14,6009,103,89
2026-07-29,NC-08,NC-08-A,57.44,5773,129,113
2026-07-29,NC-08,NC-08-B,60.62,4896,75,65
2026-07-30,NC-08,NC-08-A,69.26,7380,149,133
2026-07-30,NC-08,NC-08-B,64.62,5162,91,79
2026-07-31,NC-08,NC-08-A,56.64,4770,116,99
2026-07-31,NC-08,NC-08-B,60.48,5379,77,66
2026-08-01,NC-08,NC-08-A,59.36,4774,97,84
2026-08-01,NC-08,NC-08-B,75.91,6987,116,106
2026-08-02,NC-08,NC-08-A,72.06,6869,139,126
2026-08-02,NC-08,NC-08-B,73.1,7597,155,134
2026-08-03,NC-08,NC-08-A,71.19,7051,124,108
2026-08-03,NC-08,NC-08-B,53.84,4305,59,49
2026-08-04,NC-08,NC-08-A,54.13,4564,91,80
2026-08-04,NC-08,NC-08-B,63.7,6458,104,94
2026-08-05,NC-08,NC-08-A,69.26,6731,139,118
2026-08-05,NC-08,NC-08-B,61.35,5786,86,75
2026-08-06,NC-08,NC-08-A,68.94,6515,115,102
2026-08-06,NC-08,NC-08-B,54.03,5098,82,71
2026-08-07,NC-08,NC-08-A,70.94,6118,123,106
2026-08-07,NC-08,NC-08-B,65.43,6960,140,123
2026-08-08,NC-08,NC-08-A,59.76,4805,91,78
2026-08-08,NC-08,NC-08-B,74.48,6124,118,110
2026-08-09,NC-08,NC-08-A,77.16,6517,122,105
2026-08-09,NC-08,NC-08-B,73.61,6780,123,98
2026-08-10,NC-08,NC-08-A,58.64,5808,131,117
2026-08-10,NC-08,NC-08-B,74.55,6451,105,95
2026-08-11,NC-08,NC-08-A,70.69,6317,117,103
2026-08-11,NC-08,NC-08-B,60.8,5353,92,88
2026-08-12,NC-08,NC-08-A,64.46,5311,108,99
2026-08-12,NC-08,NC-08-B,74.81,5989,93,83
2026-08-13,NC-08,NC-08-A,71.02,6296,131,113
2026-08-13,NC-08,NC-08-B,62.33,5421,89,77
2026-08-14,NC-08,NC-08-A,67.55,5789,118,104
2026-08-14,NC-08,NC-08-B,67.38,5662,89,79
2026-08-15,NC-08,NC-08-A,66.77,6265,137,127
2026-08-15,NC-08,NC-08-B,71.8,5687,106,93
2026-08-16,NC-08,NC-08-A,82.15,6593,109,90
2026-08-16,NC-08,NC-08-B,64.04,5925,109,90
2026-08-17,NC-08,NC-08-A,68.3,5415,97,90
2026-08-17,NC-08,NC-08-B,67.12,6091,102,91
2026-08-18,NC-08,NC-08-A,77.16,6569,131,119
2026-08-18,NC-08,NC-08-B,80.46,6906,128,114
2026-08-19,NC-08,NC-08-A,70.71,7083,132,113
2026-08-19,NC-08,NC-08-B,76.43,6562,119,105
2026-08-20,NC-08,NC-08-A,69.66,6414,140,121
2026-08-20,NC-08,NC-08-B,64.2,5487,81,65
2026-08-21,NC-08,NC-08-A,68.37,7099,148,127
2026-08-21,NC-08,NC-08-B,77.7,7843,161,146
2026-08-22,NC-08,NC-08-A,89.35,8303,181,162
2026-08-22,NC-08,NC-08-B,67.29,6737,94,80
2026-08-23,NC-08,NC-08-A,81.94,8288,148,129
2026-08-23,NC-08,NC-08-B,89.24,7555,160,141
2026-08-24,NC-08,NC-08-A,85.52,8033,146,134
2026-08-24,NC-08,NC-08-B,71.09,5976,102,83
2026-08-25,NC-08,NC-08-A,86.59,8720,180,155
2026-08-25,NC-08,NC-08-B,83.24,7954,125,111
2026-08-26,NC-08,NC-08-A,76.86,6077,123,106
2026-08-26,NC-08,NC-08-B,66.53,5724,99,86
2026-08-27,NC-08,NC-08-A,86.47,7816,168,149
2026-08-27,NC-08,NC-08-B,69.05,5719,97,88
2026-08-28,NC-08,NC-08-A,67.07,6848,136,119
2026-08-28,NC-08,NC-08-B,76.29,7000,117,99
2026-08-29,NC-08,NC-08-A,85.86,6830,131,116
2026-08-29,NC-08,NC-08-B,84.42,7604,149,129
2026-08-30,NC-08,NC-08-A,91.38,8199,183,155
2026-08-30,NC-08,NC-08-B,93.42,8072,136,125
2026-08-31,NC-08,NC-08-A,74.14,6028,129,114
2026-08-31,NC-08,NC-08-B,79.59,7099,124,105
2026-09-01,NC-08,NC-08-A,69.0,7145,157,136
2026-09-01,NC-08,NC-08-B,73.17,7284,119,106
2026-09-02,NC-08,NC-08-A,80.96,8083,160,144
2026-09-02,NC-08,NC-08-B,70.7,6250,96,88
2026-09-03,NC-08,NC-08-A,92.85,7752,148,132
2026-09-03,NC-08,NC-08-B,83.79,8523,129,116
2026-09-04,NC-08,NC-08-A,70.36,6370,124,113
2026-09-04,NC-08,NC-08-B,92.19,9186,158,137
2026-09-05,NC-08,NC-08-A,86.67,7018,131,113
2026-09-05,NC-08,NC-08-B,92.88,8176,154,133
2026-09-06,NC-08,NC-08-A,92.0,7791,158,141
2026-09-06,NC-08,NC-08-B,95.01,8983,169,148
2026-09-07,NC-08,NC-08-A,70.53,7100,129,113
2026-09-07,NC-08,NC-08-B,81.11,6689,114,95
2026-09-08,NC-08,NC-08-A,88.69,8576,164,142
2026-09-08,NC-08,NC-08-B,78.43,7917,136,126
2026-09-09,NC-08,NC-08-A,73.7,6455,136,122
2026-09-09,NC-08,NC-08-B,79.56,7898,129,119
2026-09-10,NC-08,NC-08-A,80.35,6548,141,115
2026-09-10,NC-08,NC-08-B,77.41,7935,165,146
2026-09-11,NC-08,NC-08-A,73.82,6946,138,117
2026-09-11,NC-08,NC-08-B,76.59,6248,110,97
2026-09-12,NC-08,NC-08-A,74.89,7733,165,144
2026-09-12,NC-08,NC-08-B,75.4,6546,128,116
2026-09-13,NC-08,NC-08-A,79.6,6560,134,119
2026-09-13,NC-08,NC-08-B,88.71,8495,165,141
2026-09-14,NC-08,NC-08-A,67.86,6709,122,107
2026-09-14,NC-08,NC-08-B,89.63,8367,142,119
2026-09-15,NC-08,NC-08-A,83.59,7255,154,135
2026-09-15,NC-08,NC-08-B,82.73,8480,164,151
2026-09-16,NC-08,NC-08-A,86.36,8003,153,136
2026-09-16,NC-08,NC-08-B,70.93,5695,103,92
2026-09-17,NC-08,NC-08-A,66.98,6588,119,99
2026-09-17,NC-08,NC-08-B,87.5,7313,114,102
2026-09-18,NC-08,NC-08-A,84.13,7762,173,157
2026-09-18,NC-08,NC-08-B,66.75,6338,109,98
2026-09-19,NC-08,NC-08-A,70.81,7491,151,128
2026-09-19,NC-08,NC-08-B,91.83,9231,149,130
2026-09-20,NC-08,NC-08-A,71.28,7231,166,143
2026-09-20,NC-08,NC-08-B,68.74,6371,123,112
2026-09-21,NC-08,NC-08-A,71.2,6854,131,114
2026-09-21,NC-08,NC-08-B,84.8,7532,145,125
2026-09-22,NC-08,NC-08-A,67.81,5744,137,124
2026-09-22,NC-08,NC-08-B,83.7,8429,141,123
2026-09-23,NC-08,NC-08-A,68.5,6580,145,136
2026-09-23,NC-08,NC-08-B,83.18,6653,119,105
2026-09-24,NC-08,NC-08-A,78.05,7893,159,129
2026-09-24,NC-08,NC-08-B,72.0,7660,138,122
2026-09-25,NC-08,NC-08-A,66.45,5665,108,96
2026-09-25,NC-08,NC-08-B,81.8,8430,176,157
2026-09-26,NC-08,NC-08-A,65.61,6342,122,105
2026-09-26,NC-08,NC-08-B,84.62,7967,149,135
2026-09-27,NC-08,NC-08-A,72.48,6042,118,104
2026-09-27,NC-08,NC-08-B,79.76,7919,138,122
2026-09-28,NC-08,NC-08-A,58.69,4670,93,80
2026-09-28,NC-08,NC-08-B,74.57,6689,110,98
2026-09-29,NC-08,NC-08-A,70.99,5697,101,92
2026-09-29,NC-08,NC-08-B,71.07,6873,129,108
2026-09-30,NC-08,NC-08-A,62.61,6565,146,130
2026-09-30,NC-08,NC-08-B,73.96,6449,114,103
2026-04-04,NC-09,NC-09-A,46.39,6353,98,87
2026-04-04,NC-09,NC-09-B,46.31,5092,74,67
2026-04-05,NC-09,NC-09-A,43.22,5941,112,88
2026-04-05,NC-09,NC-09-B,54.95,6014,81,73
2026-04-06,NC-09,NC-09-A,52.06,5700,86,72
2026-04-06,NC-09,NC-09-B,40.54,5609,76,68
2026-04-07,NC-09,NC-09-A,50.25,5681,80,69
2026-04-07,NC-09,NC-09-B,45.77,6308,81,76
2026-04-08,NC-09,NC-09-A,50.8,7120,124,108
2026-04-08,NC-09,NC-09-B,43.38,5930,70,65
2026-04-09,NC-09,NC-09-A,44.92,5578,92,84
2026-04-09,NC-09,NC-09-B,51.66,5715,65,59
2026-04-10,NC-09,NC-09-A,49.23,6103,94,85
2026-04-10,NC-09,NC-09-B,53.52,6060,92,85
2026-04-11,NC-09,NC-09-A,57.98,8447,134,113
2026-04-11,NC-09,NC-09-B,46.61,5755,63,61
2026-04-12,NC-09,NC-09-A,51.38,6853,107,91
2026-04-12,NC-09,NC-09-B,50.6,5835,69,66
2026-04-13,NC-09,NC-09-A,46.92,5722,98,86
2026-04-13,NC-09,NC-09-B,47.88,6094,82,67
2026-04-14,NC-09,NC-09-A,52.95,5979,116,102
2026-04-14,NC-09,NC-09-B,56.92,6274,79,67
2026-04-15,NC-09,NC-09-A,48.62,5800,99,93
2026-04-15,NC-09,NC-09-B,43.65,4854,69,62
2026-04-16,NC-09,NC-09-A,56.73,8213,143,128
2026-04-16,NC-09,NC-09-B,48.12,5796,82,74
2026-04-17,NC-09,NC-09-A,43.93,5540,97,83
2026-04-17,NC-09,NC-09-B,57.76,7716,111,102
2026-04-18,NC-09,NC-09-A,56.9,7177,119,106
2026-04-18,NC-09,NC-09-B,60.99,7720,102,88
2026-04-19,NC-09,NC-09-A,45.88,5038,66,58
2026-04-19,NC-09,NC-09-B,46.51,6423,85,78
2026-04-20,NC-09,NC-09-A,51.24,5839,89,76
2026-04-20,NC-09,NC-09-B,47.13,5587,84,77
2026-04-21,NC-09,NC-09-A,47.3,5652,101,90
2026-04-21,NC-09,NC-09-B,54.66,7291,86,78
2026-04-22,NC-09,NC-09-A,52.56,6183,73,60
2026-04-22,NC-09,NC-09-B,46.77,6130,85,76
2026-04-23,NC-09,NC-09-A,47.75,5914,103,90
2026-04-23,NC-09,NC-09-B,45.73,5558,79,73
2026-04-24,NC-09,NC-09-A,49.25,6522,96,85
2026-04-24,NC-09,NC-09-B,51.51,6827,104,86
2026-04-25,NC-09,NC-09-A,60.17,6829,121,109
2026-04-25,NC-09,NC-09-B,52.34,7083,92,79
2026-04-26,NC-09,NC-09-A,56.9,6340,113,104
2026-04-26,NC-09,NC-09-B,53.73,6870,98,90
2026-04-27,NC-09,NC-09-A,48.39,6200,104,95
2026-04-27,NC-09,NC-09-B,54.41,6111,77,64
2026-04-28,NC-09,NC-09-A,52.23,6319,92,84
2026-04-28,NC-09,NC-09-B,44.13,5745,92,81
2026-04-29,NC-09,NC-09-A,52.78,7462,130,114
2026-04-29,NC-09,NC-09-B,55.35,7824,106,92
2026-04-30,NC-09,NC-09-A,52.66,5786,111,99
2026-04-30,NC-09,NC-09-B,49.98,6383,100,89
2026-05-01,NC-09,NC-09-A,54.22,6576,115,98
2026-05-01,NC-09,NC-09-B,54.25,5943,71,61
2026-05-02,NC-09,NC-09-A,54.38,7630,127,119
2026-05-02,NC-09,NC-09-B,48.16,6065,84,76
2026-05-03,NC-09,NC-09-A,48.41,6734,102,86
2026-05-03,NC-09,NC-09-B,54.28,6283,84,73
2026-05-04,NC-09,NC-09-A,44.16,5010,80,74
2026-05-04,NC-09,NC-09-B,52.72,5798,78,66
2026-05-05,NC-09,NC-09-A,48.55,6441,95,87
2026-05-05,NC-09,NC-09-B,40.92,4958,68,63
2026-05-06,NC-09,NC-09-A,49.86,5578,84,75
2026-05-06,NC-09,NC-09-B,39.49,4809,65,60
2026-05-07,NC-09,NC-09-A,46.29,5991,82,71
2026-05-07,NC-09,NC-09-B,48.84,6312,95,84
2026-05-08,NC-09,NC-09-A,38.93,4920,87,77
2026-05-08,NC-09,NC-09-B,38.65,4960,63,56
2026-05-09,NC-09,NC-09-A,41.8,5867,93,84
2026-05-09,NC-09,NC-09-B,41.04,4505,72,62
2026-05-10,NC-09,NC-09-A,40.86,5768,98,86
2026-05-10,NC-09,NC-09-B,52.21,6930,102,89
2026-05-11,NC-09,NC-09-A,49.26,6185,104,90
2026-05-11,NC-09,NC-09-B,48.65,6121,82,73
2026-05-12,NC-09,NC-09-A,47.24,5640,105,95
2026-05-12,NC-09,NC-09-B,39.82,4468,61,55
2026-05-13,NC-09,NC-09-A,43.22,6231,111,98
2026-05-13,NC-09,NC-09-B,46.63,6184,92,85
2026-05-14,NC-09,NC-09-A,44.36,6131,94,86
2026-05-14,NC-09,NC-09-B,47.22,5795,80,70
2026-05-15,NC-09,NC-09-A,42.79,4899,83,66
2026-05-15,NC-09,NC-09-B,45.52,5029,77,66
2026-05-16,NC-09,NC-09-A,40.88,4797,89,83
2026-05-16,NC-09,NC-09-B,46.33,5814,79,71
2026-05-17,NC-09,NC-09-A,39.13,5743,90,81
2026-05-17,NC-09,NC-09-B,40.23,4518,81,70
2026-05-18,NC-09,NC-09-A,35.9,5173,105,97
2026-05-18,NC-09,NC-09-B,44.84,5008,60,53
2026-05-19,NC-09,NC-09-A,45.9,6641,107,91
2026-05-19,NC-09,NC-09-B,42.24,5946,95,78
2026-05-20,NC-09,NC-09-A,34.24,3743,56,49
2026-05-20,NC-09,NC-09-B,36.78,4424,60,52
2026-05-21,NC-09,NC-09-A,35.31,4342,79,72
2026-05-21,NC-09,NC-09-B,43.77,6113,86,78
2026-05-22,NC-09,NC-09-A,39.99,5156,83,76
2026-05-22,NC-09,NC-09-B,35.69,4275,52,51
2026-05-23,NC-09,NC-09-A,39.64,5592,98,85
2026-05-23,NC-09,NC-09-B,48.44,6096,75,64
2026-05-24,NC-09,NC-09-A,37.65,5478,87,77
2026-05-24,NC-09,NC-09-B,40.71,4574,52,43
2026-05-25,NC-09,NC-09-A,34.44,3868,67,58
2026-05-25,NC-09,NC-09-B,44.2,5079,56,47
2026-05-26,NC-09,NC-09-A,39.82,4557,82,72
2026-05-26,NC-09,NC-09-B,41.93,5529,86,76
2026-05-27,NC-09,NC-09-A,38.48,4800,87,76
2026-05-27,NC-09,NC-09-B,37.14,5457,68,61
2026-05-28,NC-09,NC-09-A,43.8,5106,95,83
2026-05-28,NC-09,NC-09-B,34.31,4873,66,60
2026-05-29,NC-09,NC-09-A,34.87,4474,58,54
2026-05-29,NC-09,NC-09-B,37.89,4815,80,68
2026-05-30,NC-09,NC-09-A,42.28,4638,83,65
2026-05-30,NC-09,NC-09-B,44.16,5520,70,55
2026-05-31,NC-09,NC-09-A,45.97,6336,112,91
2026-05-31,NC-09,NC-09-B,39.86,4374,55,51
2026-06-01,NC-09,NC-09-A,44.53,6272,102,91
2026-06-01,NC-09,NC-09-B,40.76,5444,68,58
2026-06-02,NC-09,NC-09-A,37.76,4845,61,56
2026-06-02,NC-09,NC-09-B,35.67,4420,63,54
2026-06-03,NC-09,NC-09-A,39.37,4883,62,52
2026-06-03,NC-09,NC-09-B,35.06,4562,49,41
2026-06-04,NC-09,NC-09-A,38.23,4778,93,81
2026-06-04,NC-09,NC-09-B,38.56,5059,84,73
2026-06-05,NC-09,NC-09-A,44.75,6212,99,88
2026-06-05,NC-09,NC-09-B,35.78,4254,72,59
2026-06-06,NC-09,NC-09-A,42.04,5903,91,79
2026-06-06,NC-09,NC-09-B,42.78,5961,77,67
2026-06-07,NC-09,NC-09-A,43.58,5068,82,76
2026-06-07,NC-09,NC-09-B,40.23,4520,50,40
2026-06-08,NC-09,NC-09-A,43.59,5122,79,69
2026-06-08,NC-09,NC-09-B,41.79,4552,59,54
2026-06-09,NC-09,NC-09-A,40.9,5666,102,94
2026-06-09,NC-09,NC-09-B,49.78,5696,83,67
2026-06-10,NC-09,NC-09-A,48.45,6753,112,105
2026-06-10,NC-09,NC-09-B,41.84,4897,71,63
2026-06-11,NC-09,NC-09-A,49.68,5486,91,79
2026-06-11,NC-09,NC-09-B,50.13,6905,113,96
2026-06-12,NC-09,NC-09-A,42.03,5383,89,75
2026-06-12,NC-09,NC-09-B,44.71,6052,87,78
2026-06-13,NC-09,NC-09-A,43.82,5375,91,84
2026-06-13,NC-09,NC-09-B,51.06,7333,96,81
2026-06-14,NC-09,NC-09-A,45.51,4952,95,80
2026-06-14,NC-09,NC-09-B,43.27,5538,91,83
2026-06-15,NC-09,NC-09-A,42.62,5476,84,77
2026-06-15,NC-09,NC-09-B,52.73,6421,90,78
2026-06-16,NC-09,NC-09-A,44.67,6179,107,94
2026-06-16,NC-09,NC-09-B,50.12,7039,90,84
2026-06-17,NC-09,NC-09-A,48.55,6146,104,84
2026-06-17,NC-09,NC-09-B,50.42,5575,76,68
2026-06-18,NC-09,NC-09-A,46.14,5113,76,67
2026-06-18,NC-09,NC-09-B,43.87,5995,93,91
2026-06-19,NC-09,NC-09-A,46.8,6259,97,88
2026-06-19,NC-09,NC-09-B,49.96,6030,83,74
2026-06-20,NC-09,NC-09-A,48.65,5326,75,68
2026-06-20,NC-09,NC-09-B,58.61,7012,95,81
2026-06-21,NC-09,NC-09-A,47.89,5497,94,85
2026-06-21,NC-09,NC-09-B,55.56,6783,97,88
2026-06-22,NC-09,NC-09-A,43.46,6017,85,78
2026-06-22,NC-09,NC-09-B,53.82,7283,83,74
2026-06-23,NC-09,NC-09-A,57.36,8178,146,131
2026-06-23,NC-09,NC-09-B,49.83,5736,75,70
2026-06-24,NC-09,NC-09-A,45.87,5206,96,83
2026-06-24,NC-09,NC-09-B,46.23,5910,70,64
2026-06-25,NC-09,NC-09-A,56.28,7804,95,84
2026-06-25,NC-09,NC-09-B,52.09,7569,110,95
2026-06-26,NC-09,NC-09-A,50.0,5707,90,76
2026-06-26,NC-09,NC-09-B,57.06,6250,81,62
2026-06-27,NC-09,NC-09-A,50.91,6844,108,93
2026-06-27,NC-09,NC-09-B,58.12,7194,87,75
2026-06-28,NC-09,NC-09-A,56.57,7357,129,112
2026-06-28,NC-09,NC-09-B,52.27,6938,99,92
2026-06-29,NC-09,NC-09-A,57.53,6724,118,100
2026-06-29,NC-09,NC-09-B,43.43,5646,80,71
2026-06-30,NC-09,NC-09-A,47.44,6509,103,89
2026-06-30,NC-09,NC-09-B,51.5,5917,84,77
2026-07-01,NC-09,NC-09-A,55.59,7874,113,103
2026-07-01,NC-09,NC-09-B,51.46,7165,88,79
2026-07-02,NC-09,NC-09-A,54.31,6767,92,76
2026-07-02,NC-09,NC-09-B,58.27,7908,104,95
2026-07-03,NC-09,NC-09-A,48.25,7065,141,118
2026-07-03,NC-09,NC-09-B,51.9,5893,86,76
2026-07-04,NC-09,NC-09-A,52.45,5711,97,88
2026-07-04,NC-09,NC-09-B,55.54,7276,104,86
2026-07-05,NC-09,NC-09-A,47.4,5672,105,95
2026-07-05,NC-09,NC-09-B,53.58,6641,88,81
2026-07-06,NC-09,NC-09-A,42.41,5174,84,73
2026-07-06,NC-09,NC-09-B,43.63,5247,82,71
2026-07-07,NC-09,NC-09-A,42.67,5186,84,70
2026-07-07,NC-09,NC-09-B,52.33,5908,67,58
2026-07-08,NC-09,NC-09-A,44.09,5386,80,73
2026-07-08,NC-09,NC-09-B,44.37,5788,80,75
2026-07-09,NC-09,NC-09-A,52.52,7237,119,106
2026-07-09,NC-09,NC-09-B,51.8,7378,97,86
2026-07-10,NC-09,NC-09-A,54.35,7472,103,89
2026-07-10,NC-09,NC-09-B,45.51,5651,78,70
2026-07-11,NC-09,NC-09-A,46.14,6535,99,86
2026-07-11,NC-09,NC-09-B,55.9,6516,94,86
2026-07-12,NC-09,NC-09-A,46.96,5537,94,78
2026-07-12,NC-09,NC-09-B,55.52,6285,95,87
2026-07-13,NC-09,NC-09-A,51.65,6973,125,110
2026-07-13,NC-09,NC-09-B,51.36,7295,96,86
2026-07-14,NC-09,NC-09-A,49.6,6575,124,102
2026-07-14,NC-09,NC-09-B,40.22,5136,53,50
2026-07-15,NC-09,NC-09-A,49.04,5333,92,83
2026-07-15,NC-09,NC-09-B,47.34,6285,93,82
2026-07-16,NC-09,NC-09-A,48.04,5476,72,64
2026-07-16,NC-09,NC-09-B,45.8,5900,78,67
2026-07-17,NC-09,NC-09-A,47.89,7026,120,106
2026-07-17,NC-09,NC-09-B,39.15,4280,63,52
2026-07-18,NC-09,NC-09-A,46.5,5843,96,76
2026-07-18,NC-09,NC-09-B,52.82,6753,87,78
2026-07-19,NC-09,NC-09-A,45.41,6122,103,95
2026-07-19,NC-09,NC-09-B,45.39,6576,97,85
2026-07-20,NC-09,NC-09-A,44.54,4864,83,70
2026-07-20,NC-09,NC-09-B,39.78,5174,72,61
2026-07-21,NC-09,NC-09-A,44.36,5618,91,80
2026-07-21,NC-09,NC-09-B,47.71,6933,104,93
2026-07-22,NC-09,NC-09-A,40.76,4906,94,82
2026-07-22,NC-09,NC-09-B,48.13,6669,87,74
2026-07-23,NC-09,NC-09-A,47.79,6736,111,100
2026-07-23,NC-09,NC-09-B,36.2,4040,53,47
2026-07-24,NC-09,NC-09-A,37.03,4489,72,62
2026-07-24,NC-09,NC-09-B,47.44,6802,94,83
2026-07-25,NC-09,NC-09-A,41.41,5917,98,84
2026-07-25,NC-09,NC-09-B,45.73,5059,57,48
2026-07-26,NC-09,NC-09-A,46.43,5279,72,60
2026-07-26,NC-09,NC-09-B,43.43,5935,86,75
2026-07-27,NC-09,NC-09-A,44.79,5747,110,92
2026-07-27,NC-09,NC-09-B,39.45,4298,52,42
2026-07-28,NC-09,NC-09-A,43.78,4814,79,75
2026-07-28,NC-09,NC-09-B,37.65,4478,89,78
2026-07-29,NC-09,NC-09-A,36.09,4384,71,59
2026-07-29,NC-09,NC-09-B,38.58,4723,49,43
2026-07-30,NC-09,NC-09-A,33.72,3748,48,43
2026-07-30,NC-09,NC-09-B,44.4,4949,62,51
2026-07-31,NC-09,NC-09-A,33.7,4543,82,75
2026-07-31,NC-09,NC-09-B,39.4,4738,56,46
2026-08-01,NC-09,NC-09-A,44.37,4945,86,78
2026-08-01,NC-09,NC-09-B,41.51,4776,71,69
2026-08-02,NC-09,NC-09-A,47.21,5639,78,73
2026-08-02,NC-09,NC-09-B,37.5,4103,63,56
2026-08-03,NC-09,NC-09-A,39.46,5465,105,93
2026-08-03,NC-09,NC-09-B,35.67,4619,64,55
2026-08-04,NC-09,NC-09-A,40.36,4983,62,57
2026-08-04,NC-09,NC-09-B,38.2,4686,60,53
2026-08-05,NC-09,NC-09-A,40.39,4395,69,62
2026-08-05,NC-09,NC-09-B,43.06,5785,73,60
2026-08-06,NC-09,NC-09-A,39.4,5660,104,90
2026-08-06,NC-09,NC-09-B,36.71,4974,88,74
2026-08-07,NC-09,NC-09-A,45.01,6274,89,83
2026-08-07,NC-09,NC-09-B,43.14,4991,57,50
2026-08-08,NC-09,NC-09-A,45.33,5364,90,72
2026-08-08,NC-09,NC-09-B,37.52,4108,68,59
2026-08-09,NC-09,NC-09-A,49.26,6678,104,93
2026-08-09,NC-09,NC-09-B,38.06,4744,71,63
2026-08-10,NC-09,NC-09-A,40.8,5996,118,103
2026-08-10,NC-09,NC-09-B,42.2,4958,65,62
2026-08-11,NC-09,NC-09-A,38.76,4772,72,69
2026-08-11,NC-09,NC-09-B,38.01,4273,62,58
2026-08-12,NC-09,NC-09-A,46.31,5420,74,62
2026-08-12,NC-09,NC-09-B,42.81,5277,71,63
2026-08-13,NC-09,NC-09-A,39.05,5193,89,76
2026-08-13,NC-09,NC-09-B,39.65,4394,60,58
2026-08-14,NC-09,NC-09-A,45.61,5372,90,75
2026-08-14,NC-09,NC-09-B,45.14,5818,58,51
2026-08-15,NC-09,NC-09-A,39.19,5015,77,70
2026-08-15,NC-09,NC-09-B,51.51,7194,81,75
2026-08-16,NC-09,NC-09-A,51.75,6149,109,102
2026-08-16,NC-09,NC-09-B,47.1,5363,95,87
2026-08-17,NC-09,NC-09-A,48.93,5332,84,79
2026-08-17,NC-09,NC-09-B,40.67,4781,69,60
2026-08-18,NC-09,NC-09-A,43.17,5600,84,77
2026-08-18,NC-09,NC-09-B,41.25,5156,83,72
2026-08-19,NC-09,NC-09-A,40.6,5029,82,75
2026-08-19,NC-09,NC-09-B,45.66,5632,86,73
2026-08-20,NC-09,NC-09-A,50.76,6326,92,80
2026-08-20,NC-09,NC-09-B,51.17,6323,91,79
2026-08-21,NC-09,NC-09-A,46.72,5535,81,69
2026-08-21,NC-09,NC-09-B,49.86,6233,77,66
2026-08-22,NC-09,NC-09-A,45.13,5949,85,72
2026-08-22,NC-09,NC-09-B,54.57,6234,98,83
2026-08-23,NC-09,NC-09-A,56.44,7608,110,100
2026-08-23,NC-09,NC-09-B,54.36,6115,93,87
2026-08-24,NC-09,NC-09-A,46.03,5030,69,64
2026-08-24,NC-09,NC-09-B,51.7,6179,85,73
2026-08-25,NC-09,NC-09-A,40.41,4832,83,74
2026-08-25,NC-09,NC-09-B,51.37,6187,91,77
2026-08-26,NC-09,NC-09-A,53.73,7340,110,99
2026-08-26,NC-09,NC-09-B,41.1,5145,64,57
2026-08-27,NC-09,NC-09-A,48.34,6112,114,99
2026-08-27,NC-09,NC-09-B,42.87,5700,80,72
2026-08-28,NC-09,NC-09-A,51.79,6339,112,102
2026-08-28,NC-09,NC-09-B,41.75,5366,73,61
2026-08-29,NC-09,NC-09-A,59.12,8359,143,120
2026-08-29,NC-09,NC-09-B,45.67,5212,75,71
2026-08-30,NC-09,NC-09-A,51.99,7457,108,96
2026-08-30,NC-09,NC-09-B,58.78,7781,118,108
2026-08-31,NC-09,NC-09-A,46.05,6561,103,100
2026-08-31,NC-09,NC-09-B,44.49,5569,65,57
2026-09-01,NC-09,NC-09-A,50.53,5505,98,86
2026-09-01,NC-09,NC-09-B,51.12,6530,101,83
2026-09-02,NC-09,NC-09-A,53.08,7128,126,112
2026-09-02,NC-09,NC-09-B,52.58,7283,87,79
2026-09-03,NC-09,NC-09-A,53.01,7030,121,110
2026-09-03,NC-09,NC-09-B,50.25,6047,84,74
2026-09-04,NC-09,NC-09-A,47.55,6373,83,68
2026-09-04,NC-09,NC-09-B,47.6,5896,69,62
2026-09-05,NC-09,NC-09-A,61.52,8572,160,137
2026-09-05,NC-09,NC-09-B,45.92,5077,65,57
2026-09-06,NC-09,NC-09-A,51.89,6673,115,100
2026-09-06,NC-09,NC-09-B,54.91,6445,86,77
2026-09-07,NC-09,NC-09-A,49.17,6361,92,79
2026-09-07,NC-09,NC-09-B,50.21,6168,93,81
2026-09-08,NC-09,NC-09-A,48.97,6883,104,96
2026-09-08,NC-09,NC-09-B,47.73,5847,88,74
2026-09-09,NC-09,NC-09-A,55.01,7081,114,100
2026-09-09,NC-09,NC-09-B,50.06,5740,103,93
2026-09-10,NC-09,NC-09-A,48.49,6803,112,98
2026-09-10,NC-09,NC-09-B,48.29,5803,78,70
2026-09-11,NC-09,NC-09-A,53.39,7415,132,109
2026-09-11,NC-09,NC-09-B,42.94,4754,74,66
2026-09-12,NC-09,NC-09-A,60.11,7769,122,112
2026-09-12,NC-09,NC-09-B,60.21,8031,116,101
2026-09-13,NC-09,NC-09-A,52.37,6622,112,103
2026-09-13,NC-09,NC-09-B,46.68,6037,98,81
2026-09-14,NC-09,NC-09-A,51.23,5896,106,92
2026-09-14,NC-09,NC-09-B,45.14,6037,106,93
2026-09-15,NC-09,NC-09-A,43.34,5656,93,83
2026-09-15,NC-09,NC-09-B,42.35,6204,87,76
2026-09-16,NC-09,NC-09-A,53.43,5812,84,73
2026-09-16,NC-09,NC-09-B,53.51,5846,71,62
2026-09-17,NC-09,NC-09-A,44.44,5301,68,57
2026-09-17,NC-09,NC-09-B,53.03,7410,116,98
2026-09-18,NC-09,NC-09-A,41.16,4601,90,80
2026-09-18,NC-09,NC-09-B,47.58,6183,77,59
2026-09-19,NC-09,NC-09-A,52.21,5727,81,70
2026-09-19,NC-09,NC-09-B,50.54,6018,93,82
2026-09-20,NC-09,NC-09-A,56.62,7507,118,110
2026-09-20,NC-09,NC-09-B,43.6,5380,77,63
2026-09-21,NC-09,NC-09-A,53.34,6871,107,94
2026-09-21,NC-09,NC-09-B,52.11,5726,91,80
2026-09-22,NC-09,NC-09-A,41.08,5520,101,86
2026-09-22,NC-09,NC-09-B,48.63,6738,93,84
2026-09-23,NC-09,NC-09-A,46.18,6476,99,80
2026-09-23,NC-09,NC-09-B,45.78,5095,70,67
2026-09-24,NC-09,NC-09-A,40.49,5689,80,69
2026-09-24,NC-09,NC-09-B,50.87,5740,98,87
2026-09-25,NC-09,NC-09-A,42.23,4761,73,64
2026-09-25,NC-09,NC-09-B,39.55,5164,69,64
2026-09-26,NC-09,NC-09-A,49.47,6264,103,86
2026-09-26,NC-09,NC-09-B,40.54,5337,79,76
2026-09-27,NC-09,NC-09-A,41.52,5847,101,90
2026-09-27,NC-09,NC-09-B,50.6,5997,93,82
2026-09-28,NC-09,NC-09-A,42.46,5862,86,77
2026-09-28,NC-09,NC-09-B,40.87,5675,83,69
2026-09-29,NC-09,NC-09-A,42.54,5510,86,78
2026-09-29,NC-09,NC-09-B,47.05,6281,94,79
2026-09-30,NC-09,NC-09-A,44.01,6106,97,90
2026-09-30,NC-09,NC-09-B,41.63,4969,63,54
2026-04-04,NC-10,NC-10-A,75.19,5059,85,70
2026-04-04,NC-10,NC-10-B,89.06,7661,97,81
2026-04-05,NC-10,NC-10-A,90.73,6642,98,91
2026-04-05,NC-10,NC-10-B,81.28,6597,94,81
2026-04-06,NC-10,NC-10-A,82.16,7144,110,102
2026-04-06,NC-10,NC-10-B,80.51,6906,104,87
2026-04-07,NC-10,NC-10-A,82.37,7102,109,96
2026-04-07,NC-10,NC-10-B,79.49,6348,86,77
2026-04-08,NC-10,NC-10-A,75.68,6632,101,98
2026-04-08,NC-10,NC-10-B,67.71,4993,71,60
2026-04-09,NC-10,NC-10-A,81.7,6072,91,81
2026-04-09,NC-10,NC-10-B,88.39,7831,111,99
2026-04-10,NC-10,NC-10-A,68.52,4731,51,47
2026-04-10,NC-10,NC-10-B,87.19,7597,106,84
2026-04-11,NC-10,NC-10-A,86.94,6695,94,88
2026-04-11,NC-10,NC-10-B,91.43,7666,100,90
2026-04-12,NC-10,NC-10-A,95.84,7322,128,111
2026-04-12,NC-10,NC-10-B,80.35,6549,79,72
2026-04-13,NC-10,NC-10-A,88.6,6856,128,113
2026-04-13,NC-10,NC-10-B,77.73,6454,76,64
2026-04-14,NC-10,NC-10-A,88.46,6022,81,72
2026-04-14,NC-10,NC-10-B,90.04,6282,67,60
2026-04-15,NC-10,NC-10-A,88.8,6154,99,95
2026-04-15,NC-10,NC-10-B,94.18,7109,95,81
2026-04-16,NC-10,NC-10-A,94.34,8010,124,109
2026-04-16,NC-10,NC-10-B,74.6,6416,94,81
2026-04-17,NC-10,NC-10-A,82.19,5914,92,83
2026-04-17,NC-10,NC-10-B,76.17,5651,74,63
2026-04-18,NC-10,NC-10-A,82.74,6815,111,100
2026-04-18,NC-10,NC-10-B,83.33,6613,103,91
2026-04-19,NC-10,NC-10-A,100.97,7206,121,99
2026-04-19,NC-10,NC-10-B,88.6,7042,95,84
2026-04-20,NC-10,NC-10-A,85.94,7044,125,113
2026-04-20,NC-10,NC-10-B,86.62,7147,100,93
2026-04-21,NC-10,NC-10-A,89.04,5967,108,96
2026-04-21,NC-10,NC-10-B,83.02,6034,81,69
2026-04-22,NC-10,NC-10-A,83.93,6192,99,86
2026-04-22,NC-10,NC-10-B,84.6,7317,105,96
2026-04-23,NC-10,NC-10-A,97.09,7636,130,115
2026-04-23,NC-10,NC-10-B,87.42,7401,106,94
2026-04-24,NC-10,NC-10-A,91.09,7361,116,103
2026-04-24,NC-10,NC-10-B,87.87,6691,105,97
2026-04-25,NC-10,NC-10-A,78.37,6441,117,102
2026-04-25,NC-10,NC-10-B,94.93,6436,86,78
2026-04-26,NC-10,NC-10-A,91.11,8200,132,111
2026-04-26,NC-10,NC-10-B,94.17,7116,119,109
2026-04-27,NC-10,NC-10-A,74.59,6170,131,116
2026-04-27,NC-10,NC-10-B,95.29,6393,81,72
2026-04-28,NC-10,NC-10-A,76.88,5559,104,94
2026-04-28,NC-10,NC-10-B,87.27,7819,102,88
2026-04-29,NC-10,NC-10-A,92.77,6631,135,120
2026-04-29,NC-10,NC-10-B,93.37,7720,115,103
2026-04-30,NC-10,NC-10-A,92.83,7508,144,127
2026-04-30,NC-10,NC-10-B,70.31,6339,85,74
2026-05-01,NC-10,NC-10-A,90.18,6202,101,84
2026-05-01,NC-10,NC-10-B,90.14,7361,93,83
2026-05-02,NC-10,NC-10-A,77.03,6265,118,102
2026-05-02,NC-10,NC-10-B,90.21,8113,106,95
2026-05-03,NC-10,NC-10-A,80.38,6280,94,80
2026-05-03,NC-10,NC-10-B,73.72,6074,92,80
2026-05-04,NC-10,NC-10-A,90.23,7636,130,111
2026-05-04,NC-10,NC-10-B,70.18,4914,72,62
2026-05-05,NC-10,NC-10-A,69.9,5513,89,74
2026-05-05,NC-10,NC-10-B,73.46,5496,74,69
2026-05-06,NC-10,NC-10-A,85.19,7061,108,98
2026-05-06,NC-10,NC-10-B,86.8,6410,93,78
2026-05-07,NC-10,NC-10-A,79.66,5602,93,82
2026-05-07,NC-10,NC-10-B,82.78,7483,84,73
2026-05-08,NC-10,NC-10-A,84.84,7417,113,93
2026-05-08,NC-10,NC-10-B,78.24,6488,79,72
2026-05-09,NC-10,NC-10-A,69.86,5479,79,70
2026-05-09,NC-10,NC-10-B,75.34,6233,87,80
2026-05-10,NC-10,NC-10-A,78.86,6667,116,104
2026-05-10,NC-10,NC-10-B,82.88,6200,81,70
2026-05-11,NC-10,NC-10-A,77.79,5810,104,95
2026-05-11,NC-10,NC-10-B,72.12,6166,91,82
2026-05-12,NC-10,NC-10-A,73.6,5669,87,74
2026-05-12,NC-10,NC-10-B,66.34,4765,54,47
2026-05-13,NC-10,NC-10-A,72.15,5019,77,65
2026-05-13,NC-10,NC-10-B,71.31,5335,73,66
2026-05-14,NC-10,NC-10-A,64.46,4628,69,64
2026-05-14,NC-10,NC-10-B,71.96,6001,94,83
2026-05-15,NC-10,NC-10-A,73.86,5412,109,91
2026-05-15,NC-10,NC-10-B,70.39,5227,72,63
2026-05-16,NC-10,NC-10-A,65.87,4435,74,63
2026-05-16,NC-10,NC-10-B,67.93,5356,74,65
2026-05-17,NC-10,NC-10-A,81.86,5942,101,94
2026-05-17,NC-10,NC-10-B,74.55,6225,87,77
2026-05-18,NC-10,NC-10-A,72.54,4912,67,59
2026-05-18,NC-10,NC-10-B,61.92,4165,46,41
2026-05-19,NC-10,NC-10-A,75.07,5452,89,74
2026-05-19,NC-10,NC-10-B,64.49,5046,73,66
2026-05-20,NC-10,NC-10-A,67.81,5413,84,74
2026-05-20,NC-10,NC-10-B,71.72,6013,89,81
2026-05-21,NC-10,NC-10-A,64.6,4416,64,52
2026-05-21,NC-10,NC-10-B,72.62,6415,84,73
2026-05-22,NC-10,NC-10-A,67.17,6014,84,76
2026-05-22,NC-10,NC-10-B,66.35,5636,69,58
2026-05-23,NC-10,NC-10-A,77.91,5266,81,76
2026-05-23,NC-10,NC-10-B,69.9,4937,54,51
2026-05-24,NC-10,NC-10-A,61.45,4777,90,80
2026-05-24,NC-10,NC-10-B,77.32,5622,83,75
2026-05-25,NC-10,NC-10-A,56.15,4009,79,67
2026-05-25,NC-10,NC-10-B,57.31,4102,50,44
2026-05-26,NC-10,NC-10-A,64.35,5777,96,85
2026-05-26,NC-10,NC-10-B,59.6,5051,69,60
2026-05-27,NC-10,NC-10-A,62.07,5066,91,80
2026-05-27,NC-10,NC-10-B,58.8,4113,48,41
2026-05-28,NC-10,NC-10-A,61.93,4394,69,63
2026-05-28,NC-10,NC-10-B,67.3,5748,79,71
2026-05-29,NC-10,NC-10-A,64.21,4981,86,78
2026-05-29,NC-10,NC-10-B,68.19,4637,65,55
2026-05-30,NC-10,NC-10-A,74.09,5111,80,67
2026-05-30,NC-10,NC-10-B,68.02,4971,63,57
2026-05-31,NC-10,NC-10-A,68.48,4897,94,85
2026-05-31,NC-10,NC-10-B,67.7,5027,85,73
2026-06-01,NC-10,NC-10-A,65.84,4621,76,70
2026-06-01,NC-10,NC-10-B,62.44,5399,63,55
2026-06-02,NC-10,NC-10-A,67.03,5474,81,71
2026-06-02,NC-10,NC-10-B,71.38,5673,79,67
2026-06-03,NC-10,NC-10-A,60.14,4800,58,53
2026-06-03,NC-10,NC-10-B,59.0,4788,49,41
2026-06-04,NC-10,NC-10-A,71.93,5238,72,64
2026-06-04,NC-10,NC-10-B,73.08,5424,69,61
2026-06-05,NC-10,NC-10-A,65.54,4985,88,81
2026-06-05,NC-10,NC-10-B,73.96,5062,84,73
2026-06-06,NC-10,NC-10-A,84.25,5888,86,75
2026-06-06,NC-10,NC-10-B,68.01,5561,63,59
2026-06-07,NC-10,NC-10-A,83.7,5830,99,89
2026-06-07,NC-10,NC-10-B,70.87,5440,75,68
2026-06-08,NC-10,NC-10-A,65.75,4700,88,76
2026-06-08,NC-10,NC-10-B,76.13,6633,85,75
2026-06-09,NC-10,NC-10-A,74.36,5677,93,83
2026-06-09,NC-10,NC-10-B,75.72,6593,102,91
2026-06-10,NC-10,NC-10-A,81.95,5884,107,99
2026-06-10,NC-10,NC-10-B,70.38,5122,68,63
2026-06-11,NC-10,NC-10-A,63.33,4458,85,73
2026-06-11,NC-10,NC-10-B,64.86,5761,75,62
2026-06-12,NC-10,NC-10-A,78.82,5449,83,74
2026-06-12,NC-10,NC-10-B,67.67,5623,73,61
2026-06-13,NC-10,NC-10-A,80.71,6533,101,92
2026-06-13,NC-10,NC-10-B,70.12,5062,67,57
2026-06-14,NC-10,NC-10-A,82.46,6733,118,107
2026-06-14,NC-10,NC-10-B,70.8,5166,59,47
2026-06-15,NC-10,NC-10-A,85.56,6360,106,88
2026-06-15,NC-10,NC-10-B,68.18,5051,81,74
2026-06-16,NC-10,NC-10-A,73.27,6387,115,98
2026-06-16,NC-10,NC-10-B,82.11,7344,87,80
2026-06-17,NC-10,NC-10-A,79.69,6807,110,94
2026-06-17,NC-10,NC-10-B,70.06,5644,62,55
2026-06-18,NC-10,NC-10-A,78.44,6678,113,100
2026-06-18,NC-10,NC-10-B,73.84,5292,66,56
2026-06-19,NC-10,NC-10-A,69.19,5876,89,76
2026-06-19,NC-10,NC-10-B,75.79,5437,69,55
2026-06-20,NC-10,NC-10-A,98.79,8900,146,130
2026-06-20,NC-10,NC-10-B,90.58,7822,119,107
2026-06-21,NC-10,NC-10-A,79.92,6534,119,109
2026-06-21,NC-10,NC-10-B,77.45,5420,91,87
2026-06-22,NC-10,NC-10-A,76.42,6312,105,100
2026-06-22,NC-10,NC-10-B,75.66,5082,67,62
2026-06-23,NC-10,NC-10-A,87.38,7356,130,113
2026-06-23,NC-10,NC-10-B,77.7,5419,77,68
2026-06-24,NC-10,NC-10-A,76.04,6431,114,101
2026-06-24,NC-10,NC-10-B,88.73,7645,106,96
2026-06-25,NC-10,NC-10-A,74.0,4975,80,70
2026-06-25,NC-10,NC-10-B,94.14,8174,110,98
2026-06-26,NC-10,NC-10-A,73.96,5267,88,79
2026-06-26,NC-10,NC-10-B,83.08,6758,106,95
2026-06-27,NC-10,NC-10-A,95.63,7378,120,104
2026-06-27,NC-10,NC-10-B,88.72,7100,103,90
2026-06-28,NC-10,NC-10-A,98.72,6688,106,91
2026-06-28,NC-10,NC-10-B,97.05,8658,102,93
2026-06-29,NC-10,NC-10-A,86.18,5955,94,83
2026-06-29,NC-10,NC-10-B,84.2,6474,105,93
2026-06-30,NC-10,NC-10-A,77.75,6326,114,95
2026-06-30,NC-10,NC-10-B,96.48,8055,103,90
2026-07-01,NC-10,NC-10-A,84.11,6100,95,89
2026-07-01,NC-10,NC-10-B,94.35,6688,85,77
2026-07-02,NC-10,NC-10-A,91.91,6662,116,102
2026-07-02,NC-10,NC-10-B,91.56,6847,101,91
2026-07-03,NC-10,NC-10-A,96.66,7044,130,109
2026-07-03,NC-10,NC-10-B,78.4,5523,60,53
2026-07-04,NC-10,NC-10-A,94.81,6454,113,106
2026-07-04,NC-10,NC-10-B,88.85,6355,93,84
2026-07-05,NC-10,NC-10-A,86.8,7629,121,115
2026-07-05,NC-10,NC-10-B,89.82,6737,85,76
2026-07-06,NC-10,NC-10-A,91.22,6249,100,88
2026-07-06,NC-10,NC-10-B,71.21,5475,74,63
2026-07-07,NC-10,NC-10-A,81.89,6793,106,98
2026-07-07,NC-10,NC-10-B,88.54,7730,112,99
2026-07-08,NC-10,NC-10-A,78.43,6499,106,93
2026-07-08,NC-10,NC-10-B,86.47,6845,85,74
2026-07-09,NC-10,NC-10-A,88.14,7913,129,118
2026-07-09,NC-10,NC-10-B,84.28,6502,81,73
2026-07-10,NC-10,NC-10-A,90.34,6112,102,86
2026-07-10,NC-10,NC-10-B,92.5,6667,93,85
2026-07-11,NC-10,NC-10-A,95.71,8092,127,113
2026-07-11,NC-10,NC-10-B,90.69,7004,86,78
2026-07-12,NC-10,NC-10-A,86.83,6115,97,83
2026-07-12,NC-10,NC-10-B,78.62,5471,84,76
2026-07-13,NC-10,NC-10-A,77.83,5251,83,73
2026-07-13,NC-10,NC-10-B,74.86,5910,82,76
2026-07-14,NC-10,NC-10-A,78.31,6073,89,82
2026-07-14,NC-10,NC-10-B,80.08,5738,90,77
2026-07-15,NC-10,NC-10-A,66.94,6056,94,79
2026-07-15,NC-10,NC-10-B,70.29,6267,99,87
2026-07-16,NC-10,NC-10-A,74.19,5245,85,77
2026-07-16,NC-10,NC-10-B,67.39,4883,51,46
2026-07-17,NC-10,NC-10-A,67.88,6000,117,104
2026-07-17,NC-10,NC-10-B,63.93,4980,77,63
2026-07-18,NC-10,NC-10-A,68.02,4589,79,75
2026-07-18,NC-10,NC-10-B,75.64,6634,97,87
2026-07-19,NC-10,NC-10-A,77.72,7032,117,100
2026-07-19,NC-10,NC-10-B,80.98,6078,65,56
2026-07-20,NC-10,NC-10-A,62.28,4689,59,48
2026-07-20,NC-10,NC-10-B,67.6,4585,50,42
2026-07-21,NC-10,NC-10-A,73.17,5423,96,82
2026-07-21,NC-10,NC-10-B,70.0,6280,86,76
2026-07-22,NC-10,NC-10-A,75.69,6580,90,82
2026-07-22,NC-10,NC-10-B,60.97,4634,58,53
2026-07-23,NC-10,NC-10-A,74.55,5333,96,86
2026-07-23,NC-10,NC-10-B,70.16,5518,82,67
2026-07-24,NC-10,NC-10-A,65.6,5171,86,76
2026-07-24,NC-10,NC-10-B,72.12,4970,87,75
2026-07-25,NC-10,NC-10-A,64.67,4454,87,76
2026-07-25,NC-10,NC-10-B,78.6,6109,89,78
2026-07-26,NC-10,NC-10-A,73.34,5055,83,72
2026-07-26,NC-10,NC-10-B,83.36,6300,77,69
2026-07-27,NC-10,NC-10-A,66.36,5304,91,82
2026-07-27,NC-10,NC-10-B,66.4,4916,64,55
2026-07-28,NC-10,NC-10-A,69.57,4709,79,74
2026-07-28,NC-10,NC-10-B,68.22,5611,75,63
2026-07-29,NC-10,NC-10-A,72.49,5527,97,84
2026-07-29,NC-10,NC-10-B,61.62,4292,56,46
2026-07-30,NC-10,NC-10-A,59.28,4875,75,68
2026-07-30,NC-10,NC-10-B,58.77,4951,67,61
2026-07-31,NC-10,NC-10-A,75.16,5916,98,89
2026-07-31,NC-10,NC-10-B,71.28,5596,88,77
2026-08-01,NC-10,NC-10-A,62.94,5654,95,79
2026-08-01,NC-10,NC-10-B,67.25,5609,90,71
2026-08-02,NC-10,NC-10-A,70.91,5193,83,69
2026-08-02,NC-10,NC-10-B,67.38,4989,60,51
2026-08-03,NC-10,NC-10-A,57.99,4063,62,54
2026-08-03,NC-10,NC-10-B,64.72,5640,66,58
2026-08-04,NC-10,NC-10-A,60.61,4546,70,60
2026-08-04,NC-10,NC-10-B,66.72,4628,67,60
2026-08-05,NC-10,NC-10-A,57.97,4500,69,61
2026-08-05,NC-10,NC-10-B,64.06,4380,54,50
2026-08-06,NC-10,NC-10-A,56.24,3940,59,52
2026-08-06,NC-10,NC-10-B,72.21,6186,72,66
2026-08-07,NC-10,NC-10-A,66.07,5930,97,85
2026-08-07,NC-10,NC-10-B,57.39,5106,70,62
2026-08-08,NC-10,NC-10-A,65.66,4401,66,60
2026-08-08,NC-10,NC-10-B,70.2,5727,75,64
2026-08-09,NC-10,NC-10-A,71.72,5306,70,60
2026-08-09,NC-10,NC-10-B,78.84,5601,82,73
2026-08-10,NC-10,NC-10-A,75.71,6713,121,109
2026-08-10,NC-10,NC-10-B,70.92,4881,59,53
2026-08-11,NC-10,NC-10-A,75.96,6243,103,90
2026-08-11,NC-10,NC-10-B,67.43,5224,78,66
2026-08-12,NC-10,NC-10-A,66.18,5788,101,90
2026-08-12,NC-10,NC-10-B,60.4,4928,66,52
2026-08-13,NC-10,NC-10-A,66.08,5848,79,72
2026-08-13,NC-10,NC-10-B,60.38,4270,57,56
2026-08-14,NC-10,NC-10-A,75.66,5289,111,95
2026-08-14,NC-10,NC-10-B,71.24,5091,62,56
2026-08-15,NC-10,NC-10-A,71.82,5228,80,70
2026-08-15,NC-10,NC-10-B,72.83,6047,83,71
2026-08-16,NC-10,NC-10-A,86.79,6594,101,89
2026-08-16,NC-10,NC-10-B,81.64,6890,103,87
2026-08-17,NC-10,NC-10-A,76.85,5189,82,70
2026-08-17,NC-10,NC-10-B,69.76,4811,64,55
2026-08-18,NC-10,NC-10-A,65.5,5312,90,80
2026-08-18,NC-10,NC-10-B,62.21,5478,61,57
2026-08-19,NC-10,NC-10-A,63.38,4454,74,64
2026-08-19,NC-10,NC-10-B,81.25,6812,100,91
2026-08-20,NC-10,NC-10-A,74.12,5766,101,93
2026-08-20,NC-10,NC-10-B,65.97,4801,80,68
2026-08-21,NC-10,NC-10-A,65.06,5277,90,81
2026-08-21,NC-10,NC-10-B,82.41,6414,85,77
2026-08-22,NC-10,NC-10-A,80.85,6982,128,116
2026-08-22,NC-10,NC-10-B,92.63,7061,85,69
2026-08-23,NC-10,NC-10-A,86.24,6671,117,100
2026-08-23,NC-10,NC-10-B,84.88,5687,82,73
2026-08-24,NC-10,NC-10-A,88.1,6592,108,94
2026-08-24,NC-10,NC-10-B,73.7,5184,81,70
2026-08-25,NC-10,NC-10-A,79.94,6439,99,84
2026-08-25,NC-10,NC-10-B,80.17,5550,69,62
2026-08-26,NC-10,NC-10-A,80.37,6832,100,91
2026-08-26,NC-10,NC-10-B,89.38,7667,95,83
2026-08-27,NC-10,NC-10-A,90.46,7249,112,98
2026-08-27,NC-10,NC-10-B,72.55,5315,75,67
2026-08-28,NC-10,NC-10-A,88.15,6216,91,82
2026-08-28,NC-10,NC-10-B,69.92,4683,59,54
2026-08-29,NC-10,NC-10-A,81.16,6378,82,73
2026-08-29,NC-10,NC-10-B,84.24,6288,78,68
2026-08-30,NC-10,NC-10-A,80.45,6915,127,116
2026-08-30,NC-10,NC-10-B,97.37,7911,115,96
2026-08-31,NC-10,NC-10-A,79.54,6257,101,91
2026-08-31,NC-10,NC-10-B,91.97,6720,96,79
2026-09-01,NC-10,NC-10-A,82.19,6422,102,92
2026-09-01,NC-10,NC-10-B,73.06,5184,71,61
2026-09-02,NC-10,NC-10-A,78.78,7063,145,126
2026-09-02,NC-10,NC-10-B,72.78,5534,84,78
2026-09-03,NC-10,NC-10-A,95.65,6558,112,103
2026-09-03,NC-10,NC-10-B,96.64,6662,85,72
2026-09-04,NC-10,NC-10-A,91.58,7487,113,100
2026-09-04,NC-10,NC-10-B,84.37,5995,93,82
2026-09-05,NC-10,NC-10-A,84.34,7125,113,96
2026-09-05,NC-10,NC-10-B,78.69,6137,81,74
2026-09-06,NC-10,NC-10-A,102.29,8865,149,125
2026-09-06,NC-10,NC-10-B,83.27,6665,84,75
2026-09-07,NC-10,NC-10-A,75.62,6506,84,71
2026-09-07,NC-10,NC-10-B,84.19,6591,102,95
2026-09-08,NC-10,NC-10-A,77.83,5277,92,79
2026-09-08,NC-10,NC-10-B,92.18,7123,87,78
2026-09-09,NC-10,NC-10-A,91.72,6936,115,103
2026-09-09,NC-10,NC-10-B,77.26,5917,79,72
2026-09-10,NC-10,NC-10-A,88.37,7152,90,77
2026-09-10,NC-10,NC-10-B,81.64,5962,82,75
2026-09-11,NC-10,NC-10-A,72.06,5300,79,62
2026-09-11,NC-10,NC-10-B,89.55,6974,96,86
2026-09-12,NC-10,NC-10-A,78.0,6052,104,93
2026-09-12,NC-10,NC-10-B,81.34,5607,87,79
2026-09-13,NC-10,NC-10-A,85.73,7429,108,94
2026-09-13,NC-10,NC-10-B,89.93,6026,80,69
2026-09-14,NC-10,NC-10-A,71.57,5388,83,75
2026-09-14,NC-10,NC-10-B,71.93,5357,87,80
2026-09-15,NC-10,NC-10-A,88.38,6060,106,89
2026-09-15,NC-10,NC-10-B,80.28,5703,87,77
2026-09-16,NC-10,NC-10-A,87.42,7156,125,118
2026-09-16,NC-10,NC-10-B,92.34,6256,91,82
2026-09-17,NC-10,NC-10-A,70.87,5443,91,81
2026-09-17,NC-10,NC-10-B,74.87,6014,83,72
2026-09-18,NC-10,NC-10-A,72.73,5226,71,62
2026-09-18,NC-10,NC-10-B,89.73,7058,79,69
2026-09-19,NC-10,NC-10-A,85.11,5798,99,82
2026-09-19,NC-10,NC-10-B,73.72,5201,63,54
2026-09-20,NC-10,NC-10-A,80.39,5728,85,73
2026-09-20,NC-10,NC-10-B,91.27,7535,111,97
2026-09-21,NC-10,NC-10-A,75.55,6580,117,108
2026-09-21,NC-10,NC-10-B,86.59,6465,92,85
2026-09-22,NC-10,NC-10-A,82.25,5748,87,72
2026-09-22,NC-10,NC-10-B,82.8,7476,98,82
2026-09-23,NC-10,NC-10-A,76.05,5909,89,77
2026-09-23,NC-10,NC-10-B,81.83,6463,101,84
2026-09-24,NC-10,NC-10-A,65.38,5151,95,84
2026-09-24,NC-10,NC-10-B,69.45,5247,75,69
2026-09-25,NC-10,NC-10-A,79.02,6539,112,105
2026-09-25,NC-10,NC-10-B,84.32,7436,118,101
2026-09-26,NC-10,NC-10-A,89.2,6937,103,86
2026-09-26,NC-10,NC-10-B,81.83,6308,81,70
2026-09-27,NC-10,NC-10-A,75.64,5134,76,67
2026-09-27,NC-10,NC-10-B,85.67,5943,79,69
2026-09-28,NC-10,NC-10-A,62.84,4801,84,75
2026-09-28,NC-10,NC-10-B,78.29,5242,81,74
2026-09-29,NC-10,NC-10-A,62.23,4512,61,54
2026-09-29,NC-10,NC-10-B,70.78,5329,66,61
2026-09-30,NC-10,NC-10-A,63.43,5686,94,85
2026-09-30,NC-10,NC-10-B,76.44,6338,94,84
2026-04-04,NC-11,NC-11-A,73.75,5931,124,110
2026-04-04,NC-11,NC-11-B,72.91,7659,126,109
2026-04-05,NC-11,NC-11-A,67.52,5629,117,97
2026-04-05,NC-11,NC-11-B,72.48,6993,124,114
2026-04-06,NC-11,NC-11-A,52.6,4512,81,69
2026-04-06,NC-11,NC-11-B,68.3,7166,132,111
2026-04-07,NC-11,NC-11-A,58.45,5827,114,99
2026-04-07,NC-11,NC-11-B,69.75,5883,114,109
2026-04-08,NC-11,NC-11-A,65.12,5266,96,81
2026-04-08,NC-11,NC-11-B,64.36,5088,100,92
2026-04-09,NC-11,NC-11-A,56.43,5441,111,101
2026-04-09,NC-11,NC-11-B,64.75,5379,80,72
2026-04-10,NC-11,NC-11-A,61.65,4888,117,107
2026-04-10,NC-11,NC-11-B,56.53,4793,88,77
2026-04-11,NC-11,NC-11-A,61.67,5594,111,94
2026-04-11,NC-11,NC-11-B,61.35,6155,114,102
2026-04-12,NC-11,NC-11-A,64.94,6381,112,101
2026-04-12,NC-11,NC-11-B,66.86,7040,130,118
2026-04-13,NC-11,NC-11-A,63.23,5901,129,109
2026-04-13,NC-11,NC-11-B,70.67,7207,111,92
2026-04-14,NC-11,NC-11-A,61.64,6518,134,119
2026-04-14,NC-11,NC-11-B,69.4,6208,118,103
2026-04-15,NC-11,NC-11-A,57.91,5218,125,109
2026-04-15,NC-11,NC-11-B,62.36,6231,90,80
2026-04-16,NC-11,NC-11-A,69.2,5805,123,109
2026-04-16,NC-11,NC-11-B,64.55,6091,85,78
2026-04-17,NC-11,NC-11-A,63.48,5818,104,96
2026-04-17,NC-11,NC-11-B,63.75,5820,91,78
2026-04-18,NC-11,NC-11-A,62.91,5378,106,92
2026-04-18,NC-11,NC-11-B,68.72,6149,93,78
2026-04-19,NC-11,NC-11-A,76.17,7619,171,149
2026-04-19,NC-11,NC-11-B,76.49,6126,110,94
2026-04-20,NC-11,NC-11-A,57.77,5159,123,105
2026-04-20,NC-11,NC-11-B,67.51,6101,93,81
2026-04-21,NC-11,NC-11-A,73.75,6212,125,113
2026-04-21,NC-11,NC-11-B,58.29,5065,66,57
2026-04-22,NC-11,NC-11-A,74.19,6515,146,125
2026-04-22,NC-11,NC-11-B,76.26,7252,126,109
2026-04-23,NC-11,NC-11-A,67.45,5681,105,93
2026-04-23,NC-11,NC-11-B,66.85,6712,119,105
2026-04-24,NC-11,NC-11-A,61.14,5008,119,106
2026-04-24,NC-11,NC-11-B,59.98,6030,97,91
2026-04-25,NC-11,NC-11-A,80.22,8436,158,138
2026-04-25,NC-11,NC-11-B,78.25,6713,101,91
2026-04-26,NC-11,NC-11-A,75.03,7315,131,110
2026-04-26,NC-11,NC-11-B,78.2,7120,117,105
2026-04-27,NC-11,NC-11-A,73.46,7839,141,129
2026-04-27,NC-11,NC-11-B,63.62,5123,106,95
2026-04-28,NC-11,NC-11-A,57.61,4883,93,87
2026-04-28,NC-11,NC-11-B,62.8,6296,108,102
2026-04-29,NC-11,NC-11-A,72.7,7055,133,120
2026-04-29,NC-11,NC-11-B,71.26,6424,99,87
2026-04-30,NC-11,NC-11-A,66.88,5675,118,106
2026-04-30,NC-11,NC-11-B,64.38,6868,131,114
2026-05-01,NC-11,NC-11-A,62.35,5551,115,107
2026-05-01,NC-11,NC-11-B,70.35,6187,111,101
2026-05-02,NC-11,NC-11-A,62.04,5128,94,81
2026-05-02,NC-11,NC-11-B,77.24,6282,125,111
2026-05-03,NC-11,NC-11-A,59.06,5921,111,97
2026-05-03,NC-11,NC-11-B,59.84,5170,93,79
2026-05-04,NC-11,NC-11-A,66.15,6161,127,113
2026-05-04,NC-11,NC-11-B,57.72,5990,112,94
2026-05-05,NC-11,NC-11-A,60.17,4891,106,91
2026-05-05,NC-11,NC-11-B,54.67,5122,71,64
2026-05-06,NC-11,NC-11-A,53.68,4719,118,100
2026-05-06,NC-11,NC-11-B,54.83,4571,84,72
2026-05-07,NC-11,NC-11-A,61.6,5785,107,96
2026-05-07,NC-11,NC-11-B,55.5,4944,78,58
2026-05-08,NC-11,NC-11-A,62.99,6515,130,114
2026-05-08,NC-11,NC-11-B,63.98,5188,94,86
2026-05-09,NC-11,NC-11-A,60.02,4868,94,83
2026-05-09,NC-11,NC-11-B,66.69,6823,151,130
2026-05-10,NC-11,NC-11-A,57.63,4591,93,84
2026-05-10,NC-11,NC-11-B,60.81,5185,97,88
2026-05-11,NC-11,NC-11-A,52.24,5332,129,112
2026-05-11,NC-11,NC-11-B,64.26,6158,119,99
2026-05-12,NC-11,NC-11-A,66.19,6611,130,112
2026-05-12,NC-11,NC-11-B,54.97,4766,72,65
2026-05-13,NC-11,NC-11-A,49.14,5190,109,98
2026-05-13,NC-11,NC-11-B,49.01,4042,79,72
2026-05-14,NC-11,NC-11-A,56.89,5087,99,85
2026-05-14,NC-11,NC-11-B,59.56,6256,108,96
2026-05-15,NC-11,NC-11-A,48.09,4032,84,73
2026-05-15,NC-11,NC-11-B,52.42,5298,110,94
2026-05-16,NC-11,NC-11-A,62.19,6303,136,115
2026-05-16,NC-11,NC-11-B,64.15,5637,90,80
2026-05-17,NC-11,NC-11-A,56.79,5070,109,95
2026-05-17,NC-11,NC-11-B,66.51,6707,132,114
2026-05-18,NC-11,NC-11-A,59.98,5911,129,115
2026-05-18,NC-11,NC-11-B,49.77,4311,69,61
2026-05-19,NC-11,NC-11-A,52.35,5564,129,109
2026-05-19,NC-11,NC-11-B,52.16,4813,77,65
2026-05-20,NC-11,NC-11-A,56.34,5431,105,92
2026-05-20,NC-11,NC-11-B,61.02,5925,107,97
2026-05-21,NC-11,NC-11-A,59.15,5092,111,96
2026-05-21,NC-11,NC-11-B,55.57,4643,73,66
2026-05-22,NC-11,NC-11-A,59.15,4975,104,93
2026-05-22,NC-11,NC-11-B,54.08,5234,106,93
2026-05-23,NC-11,NC-11-A,48.16,4209,85,71
2026-05-23,NC-11,NC-11-B,57.55,4799,75,70
2026-05-24,NC-11,NC-11-A,62.05,5733,118,107
2026-05-24,NC-11,NC-11-B,54.61,5463,120,110
2026-05-25,NC-11,NC-11-A,48.88,4717,81,69
2026-05-25,NC-11,NC-11-B,54.32,5793,91,78
2026-05-26,NC-11,NC-11-A,58.1,6192,118,96
2026-05-26,NC-11,NC-11-B,52.38,4686,84,74
2026-05-27,NC-11,NC-11-A,47.74,4137,75,64
2026-05-27,NC-11,NC-11-B,49.46,3931,61,55
2026-05-28,NC-11,NC-11-A,58.54,5753,118,101
2026-05-28,NC-11,NC-11-B,54.12,4714,86,79
2026-05-29,NC-11,NC-11-A,56.17,4801,95,87
2026-05-29,NC-11,NC-11-B,53.64,5692,82,67
2026-05-30,NC-11,NC-11-A,64.85,6560,129,113
2026-05-30,NC-11,NC-11-B,62.66,6157,112,92
2026-05-31,NC-11,NC-11-A,55.11,5184,108,98
2026-05-31,NC-11,NC-11-B,49.56,4131,85,72
2026-06-01,NC-11,NC-11-A,56.61,4614,93,83
2026-06-01,NC-11,NC-11-B,57.75,5010,89,75
2026-06-02,NC-11,NC-11-A,54.63,5747,118,105
2026-06-02,NC-11,NC-11-B,50.83,4322,77,67
2026-06-03,NC-11,NC-11-A,53.34,4825,94,87
2026-06-03,NC-11,NC-11-B,58.79,5441,87,72
2026-06-04,NC-11,NC-11-A,58.43,4794,86,75
2026-06-04,NC-11,NC-11-B,57.33,5280,91,80
2026-06-05,NC-11,NC-11-A,48.13,3904,84,75
2026-06-05,NC-11,NC-11-B,62.51,5626,94,85
2026-06-06,NC-11,NC-11-A,52.12,4841,101,89
2026-06-06,NC-11,NC-11-B,66.09,5883,95,79
2026-06-07,NC-11,NC-11-A,63.11,5705,119,101
2026-06-07,NC-11,NC-11-B,66.04,5700,110,92
2026-06-08,NC-11,NC-11-A,53.49,5704,90,81
2026-06-08,NC-11,NC-11-B,62.57,5975,95,85
2026-06-09,NC-11,NC-11-A,49.64,4147,74,62
2026-06-09,NC-11,NC-11-B,58.97,4828,81,71
2026-06-10,NC-11,NC-11-A,53.83,5262,117,101
2026-06-10,NC-11,NC-11-B,52.32,5336,98,89
2026-06-11,NC-11,NC-11-A,51.31,4980,98,87
2026-06-11,NC-11,NC-11-B,54.41,5118,96,87
2026-06-12,NC-11,NC-11-A,64.34,5394,145,125
2026-06-12,NC-11,NC-11-B,68.23,6755,131,115
2026-06-13,NC-11,NC-11-A,67.06,6069,95,86
2026-06-13,NC-11,NC-11-B,58.29,4954,79,73
2026-06-14,NC-11,NC-11-A,73.98,7120,145,125
2026-06-14,NC-11,NC-11-B,63.78,5460,102,89
2026-06-15,NC-11,NC-11-A,57.7,4885,96,89
2026-06-15,NC-11,NC-11-B,57.11,5252,83,70
2026-06-16,NC-11,NC-11-A,60.38,4910,92,82
2026-06-16,NC-11,NC-11-B,70.41,6774,130,114
2026-06-17,NC-11,NC-11-A,55.63,4802,104,86
2026-06-17,NC-11,NC-11-B,64.88,6494,120,104
2026-06-18,NC-11,NC-11-A,64.73,6650,144,121
2026-06-18,NC-11,NC-11-B,57.5,5018,101,85
2026-06-19,NC-11,NC-11-A,70.62,6227,114,101
2026-06-19,NC-11,NC-11-B,66.76,5675,88,74
2026-06-20,NC-11,NC-11-A,68.59,6473,148,128
2026-06-20,NC-11,NC-11-B,65.67,6192,104,93
2026-06-21,NC-11,NC-11-A,77.43,6133,107,95
2026-06-21,NC-11,NC-11-B,62.89,5888,90,77
2026-06-22,NC-11,NC-11-A,68.41,5875,105,88
2026-06-22,NC-11,NC-11-B,70.74,7302,126,108
2026-06-23,NC-11,NC-11-A,62.62,5946,128,110
2026-06-23,NC-11,NC-11-B,65.47,5666,88,80
2026-06-24,NC-11,NC-11-A,75.01,7641,146,121
2026-06-24,NC-11,NC-11-B,67.63,5723,110,100
2026-06-25,NC-11,NC-11-A,75.23,7035,149,130
2026-06-25,NC-11,NC-11-B,70.9,6528,107,89
2026-06-26,NC-11,NC-11-A,63.41,5525,117,104
2026-06-26,NC-11,NC-11-B,64.26,5380,103,96
2026-06-27,NC-11,NC-11-A,61.75,6148,132,114
2026-06-27,NC-11,NC-11-B,64.07,5896,95,82
2026-06-28,NC-11,NC-11-A,74.98,6166,131,114
2026-06-28,NC-11,NC-11-B,70.31,6408,99,79
2026-06-29,NC-11,NC-11-A,67.11,5527,108,93
2026-06-29,NC-11,NC-11-B,63.25,5812,109,98
2026-06-30,NC-11,NC-11-A,65.68,5956,123,108
2026-06-30,NC-11,NC-11-B,68.42,7167,119,103
2026-07-01,NC-11,NC-11-A,65.2,5239,89,77
2026-07-01,NC-11,NC-11-B,76.81,6885,119,103
2026-07-02,NC-11,NC-11-A,68.91,6070,148,119
2026-07-02,NC-11,NC-11-B,69.3,5583,97,81
2026-07-03,NC-11,NC-11-A,62.85,5772,111,97
2026-07-03,NC-11,NC-11-B,61.75,5320,102,90
2026-07-04,NC-11,NC-11-A,75.9,6739,136,124
2026-07-04,NC-11,NC-11-B,70.22,6267,133,120
2026-07-05,NC-11,NC-11-A,60.54,6142,123,110
2026-07-05,NC-11,NC-11-B,63.73,6683,122,104
2026-07-06,NC-11,NC-11-A,60.35,6173,119,102
2026-07-06,NC-11,NC-11-B,63.91,5727,100,84
2026-07-07,NC-11,NC-11-A,70.17,5567,120,105
2026-07-07,NC-11,NC-11-B,58.2,5732,99,88
2026-07-08,NC-11,NC-11-A,68.89,6912,143,124
2026-07-08,NC-11,NC-11-B,67.06,5323,98,89
2026-07-09,NC-11,NC-11-A,69.69,7441,168,145
2026-07-09,NC-11,NC-11-B,61.81,5200,87,83
2026-07-10,NC-11,NC-11-A,59.42,4735,88,77
2026-07-10,NC-11,NC-11-B,63.08,5153,91,76
2026-07-11,NC-11,NC-11-A,70.08,7295,147,126
2026-07-11,NC-11,NC-11-B,77.27,7849,139,122
2026-07-12,NC-11,NC-11-A,64.97,5398,111,91
2026-07-12,NC-11,NC-11-B,68.27,7009,138,118
2026-07-13,NC-11,NC-11-A,58.94,5961,135,124
2026-07-13,NC-11,NC-11-B,65.8,6948,142,121
2026-07-14,NC-11,NC-11-A,61.69,6152,132,110
2026-07-14,NC-11,NC-11-B,68.06,6326,121,107
2026-07-15,NC-11,NC-11-A,59.29,6185,133,120
2026-07-15,NC-11,NC-11-B,59.51,4725,94,83
2026-07-16,NC-11,NC-11-A,69.52,6922,145,128
2026-07-16,NC-11,NC-11-B,62.09,5718,84,79
2026-07-17,NC-11,NC-11-A,54.14,5060,96,75
2026-07-17,NC-11,NC-11-B,54.09,4421,89,73
2026-07-18,NC-11,NC-11-A,68.67,7207,141,125
2026-07-18,NC-11,NC-11-B,57.64,5254,93,78
2026-07-19,NC-11,NC-11-A,68.91,5649,113,105
2026-07-19,NC-11,NC-11-B,65.7,6032,104,84
2026-07-20,NC-11,NC-11-A,62.47,5224,96,85
2026-07-20,NC-11,NC-11-B,63.15,6373,109,94
2026-07-21,NC-11,NC-11-A,60.57,5533,117,110
2026-07-21,NC-11,NC-11-B,59.52,6124,103,93
2026-07-22,NC-11,NC-11-A,59.31,5955,123,104
2026-07-22,NC-11,NC-11-B,52.14,4551,66,59
2026-07-23,NC-11,NC-11-A,63.15,5976,133,120
2026-07-23,NC-11,NC-11-B,57.41,5893,81,72
2026-07-24,NC-11,NC-11-A,48.16,4298,80,67
2026-07-24,NC-11,NC-11-B,62.26,5801,117,98
2026-07-25,NC-11,NC-11-A,63.79,5273,106,83
2026-07-25,NC-11,NC-11-B,65.09,5494,89,79
2026-07-26,NC-11,NC-11-A,52.69,4276,84,70
2026-07-26,NC-11,NC-11-B,62.03,5049,105,85
2026-07-27,NC-11,NC-11-A,59.94,6162,132,117
2026-07-27,NC-11,NC-11-B,60.77,5104,101,88
2026-07-28,NC-11,NC-11-A,56.64,5291,118,101
2026-07-28,NC-11,NC-11-B,47.73,5062,90,80
2026-07-29,NC-11,NC-11-A,59.1,5121,82,75
2026-07-29,NC-11,NC-11-B,57.92,5662,104,93
2026-07-30,NC-11,NC-11-A,44.86,4741,90,76
2026-07-30,NC-11,NC-11-B,57.36,5042,93,81
2026-07-31,NC-11,NC-11-A,47.81,4618,99,89
2026-07-31,NC-11,NC-11-B,51.67,4128,80,68
2026-08-01,NC-11,NC-11-A,55.63,5326,102,94
2026-08-01,NC-11,NC-11-B,60.31,5895,98,85
2026-08-02,NC-11,NC-11-A,55.31,5111,111,94
2026-08-02,NC-11,NC-11-B,60.6,5143,95,83
2026-08-03,NC-11,NC-11-A,51.86,4893,104,94
2026-08-03,NC-11,NC-11-B,57.39,5995,95,77
2026-08-04,NC-11,NC-11-A,50.1,4168,92,73
2026-08-04,NC-11,NC-11-B,49.28,4272,71,61
2026-08-05,NC-11,NC-11-A,56.69,5579,128,117
2026-08-05,NC-11,NC-11-B,56.63,5027,74,65
2026-08-06,NC-11,NC-11-A,54.68,5649,116,102
2026-08-06,NC-11,NC-11-B,55.07,5122,105,95
2026-08-07,NC-11,NC-11-A,60.06,5971,121,107
2026-08-07,NC-11,NC-11-B,60.02,5920,118,104
2026-08-08,NC-11,NC-11-A,49.07,4168,92,83
2026-08-08,NC-11,NC-11-B,52.78,4466,91,75
2026-08-09,NC-11,NC-11-A,55.9,4857,115,106
2026-08-09,NC-11,NC-11-B,53.87,5421,99,88
2026-08-10,NC-11,NC-11-A,52.5,5050,96,88
2026-08-10,NC-11,NC-11-B,51.78,4556,82,71
2026-08-11,NC-11,NC-11-A,53.88,4314,78,66
2026-08-11,NC-11,NC-11-B,46.35,4829,81,71
2026-08-12,NC-11,NC-11-A,59.79,5126,121,104
2026-08-12,NC-11,NC-11-B,58.34,6185,104,97
2026-08-13,NC-11,NC-11-A,55.46,4415,82,73
2026-08-13,NC-11,NC-11-B,59.71,5921,84,74
2026-08-14,NC-11,NC-11-A,55.77,5560,97,86
2026-08-14,NC-11,NC-11-B,47.51,4423,84,73
2026-08-15,NC-11,NC-11-A,51.94,4633,100,96
2026-08-15,NC-11,NC-11-B,55.82,5182,112,99
2026-08-16,NC-11,NC-11-A,64.49,5883,107,93
2026-08-16,NC-11,NC-11-B,55.97,5259,103,88
2026-08-17,NC-11,NC-11-A,54.87,4412,99,86
2026-08-17,NC-11,NC-11-B,56.42,4918,84,70
2026-08-18,NC-11,NC-11-A,51.52,4810,110,88
2026-08-18,NC-11,NC-11-B,52.19,5198,94,83
2026-08-19,NC-11,NC-11-A,61.81,5906,126,115
2026-08-19,NC-11,NC-11-B,63.7,5544,98,84
2026-08-20,NC-11,NC-11-A,52.43,4447,98,87
2026-08-20,NC-11,NC-11-B,58.47,4706,82,76
2026-08-21,NC-11,NC-11-A,68.59,5524,109,99
2026-08-21,NC-11,NC-11-B,57.84,5964,112,97
2026-08-22,NC-11,NC-11-A,58.69,4705,77,68
2026-08-22,NC-11,NC-11-B,61.81,5228,91,80
2026-08-23,NC-11,NC-11-A,69.14,6101,135,120
2026-08-23,NC-11,NC-11-B,59.18,5626,99,88
2026-08-24,NC-11,NC-11-A,65.74,6071,110,90
2026-08-24,NC-11,NC-11-B,59.56,5496,102,89
2026-08-25,NC-11,NC-11-A,55.2,5633,99,87
2026-08-25,NC-11,NC-11-B,63.49,6367,112,106
2026-08-26,NC-11,NC-11-A,59.61,5528,130,116
2026-08-26,NC-11,NC-11-B,72.9,6429,108,95
2026-08-27,NC-11,NC-11-A,68.32,6419,146,128
2026-08-27,NC-11,NC-11-B,67.88,6073,104,92
2026-08-28,NC-11,NC-11-A,61.07,5133,97,84
2026-08-28,NC-11,NC-11-B,65.27,6015,98,82
2026-08-29,NC-11,NC-11-A,75.43,6498,117,103
2026-08-29,NC-11,NC-11-B,68.33,5780,106,93
2026-08-30,NC-11,NC-11-A,62.17,6023,125,110
2026-08-30,NC-11,NC-11-B,75.74,6537,124,114
2026-08-31,NC-11,NC-11-A,62.02,5585,119,106
2026-08-31,NC-11,NC-11-B,59.61,5708,92,81
2026-09-01,NC-11,NC-11-A,63.86,6058,127,108
2026-09-01,NC-11,NC-11-B,60.59,4832,89,78
2026-09-02,NC-11,NC-11-A,63.02,5251,114,101
2026-09-02,NC-11,NC-11-B,70.56,5714,106,95
2026-09-03,NC-11,NC-11-A,76.26,6773,129,118
2026-09-03,NC-11,NC-11-B,76.58,7189,125,110
2026-09-04,NC-11,NC-11-A,71.82,6691,135,122
2026-09-04,NC-11,NC-11-B,62.54,5453,101,94
2026-09-05,NC-11,NC-11-A,69.51,6780,135,117
2026-09-05,NC-11,NC-11-B,81.45,6981,107,95
2026-09-06,NC-11,NC-11-A,67.2,6051,131,110
2026-09-06,NC-11,NC-11-B,74.88,7909,127,109
2026-09-07,NC-11,NC-11-A,71.94,6598,128,111
2026-09-07,NC-11,NC-11-B,60.98,5316,95,90
2026-09-08,NC-11,NC-11-A,63.94,5416,89,75
2026-09-08,NC-11,NC-11-B,73.01,6425,99,89
2026-09-09,NC-11,NC-11-A,72.41,7083,137,122
2026-09-09,NC-11,NC-11-B,69.72,6668,116,103
2026-09-10,NC-11,NC-11-A,61.03,5969,123,108
2026-09-10,NC-11,NC-11-B,65.64,6724,103,90
2026-09-11,NC-11,NC-11-A,64.26,5478,110,102
2026-09-11,NC-11,NC-11-B,61.28,5376,104,90
2026-09-12,NC-11,NC-11-A,71.2,6165,116,109
2026-09-12,NC-11,NC-11-B,80.73,7128,126,106
2026-09-13,NC-11,NC-11-A,65.92,6383,140,117
2026-09-13,NC-11,NC-11-B,80.57,7052,131,117
2026-09-14,NC-11,NC-11-A,67.42,6393,105,90
2026-09-14,NC-11,NC-11-B,62.8,6441,111,96
2026-09-15,NC-11,NC-11-A,65.47,6400,125,114
2026-09-15,NC-11,NC-11-B,65.68,6729,110,99
2026-09-16,NC-11,NC-11-A,69.3,7165,144,128
2026-09-16,NC-11,NC-11-B,65.71,6331,99,84
2026-09-17,NC-11,NC-11-A,64.8,5325,112,99
2026-09-17,NC-11,NC-11-B,69.02,6591,91,82
2026-09-18,NC-11,NC-11-A,61.51,5605,135,119
2026-09-18,NC-11,NC-11-B,68.45,6972,126,112
2026-09-19,NC-11,NC-11-A,70.25,5604,96,87
2026-09-19,NC-11,NC-11-B,68.36,5786,98,87
2026-09-20,NC-11,NC-11-A,62.29,6210,126,115
2026-09-20,NC-11,NC-11-B,66.8,6462,112,94
2026-09-21,NC-11,NC-11-A,60.28,5468,121,109
2026-09-21,NC-11,NC-11-B,65.63,5757,103,89
2026-09-22,NC-11,NC-11-A,69.6,5933,109,98
2026-09-22,NC-11,NC-11-B,67.18,6957,124,110
2026-09-23,NC-11,NC-11-A,64.97,6480,133,125
2026-09-23,NC-11,NC-11-B,55.2,4771,73,66
2026-09-24,NC-11,NC-11-A,67.31,5766,112,97
2026-09-24,NC-11,NC-11-B,60.91,6307,111,103
2026-09-25,NC-11,NC-11-A,51.62,4634,83,72
2026-09-25,NC-11,NC-11-B,60.28,6146,106,91
2026-09-26,NC-11,NC-11-A,72.02,6407,125,116
2026-09-26,NC-11,NC-11-B,62.7,5715,90,80
2026-09-27,NC-11,NC-11-A,55.01,4706,84,79
2026-09-27,NC-11,NC-11-B,70.1,6780,109,92
2026-09-28,NC-11,NC-11-A,57.53,5439,102,91
2026-09-28,NC-11,NC-11-B,58.24,5384,95,83
2026-09-29,NC-11,NC-11-A,54.02,4580,89,80
2026-09-29,NC-11,NC-11-B,56.92,4978,101,90
2026-09-30,NC-11,NC-11-A,61.22,6366,138,120
2026-09-30,NC-11,NC-11-B,63.6,5356,86,72
2026-04-04,NC-12,NC-12-A,46.09,6836,91,86
2026-04-04,NC-12,NC-12-B,46.64,5968,56,47
2026-04-05,NC-12,NC-12-A,45.49,6527,76,64
2026-04-05,NC-12,NC-12-B,41.02,6675,89,79
2026-04-06,NC-12,NC-12-A,35.28,5769,71,65
2026-04-06,NC-12,NC-12-B,35.81,4813,57,49
2026-04-07,NC-12,NC-12-A,42.08,6503,81,69
2026-04-07,NC-12,NC-12-B,37.32,5402,57,51
2026-04-08,NC-12,NC-12-A,38.77,6192,71,65
2026-04-08,NC-12,NC-12-B,36.56,5289,50,44
2026-04-09,NC-12,NC-12-A,44.83,6269,73,61
2026-04-09,NC-12,NC-12-B,44.05,6344,68,65
2026-04-10,NC-12,NC-12-A,40.54,5495,67,58
2026-04-10,NC-12,NC-12-B,48.58,6186,71,58
2026-04-11,NC-12,NC-12-A,48.64,6194,88,78
2026-04-11,NC-12,NC-12-B,48.15,6324,64,55
2026-04-12,NC-12,NC-12-A,40.05,5871,64,58
2026-04-12,NC-12,NC-12-B,49.82,6282,65,53
2026-04-13,NC-12,NC-12-A,38.26,6193,90,77
2026-04-13,NC-12,NC-12-B,38.53,6165,68,55
2026-04-14,NC-12,NC-12-A,39.86,5019,71,63
2026-04-14,NC-12,NC-12-B,38.35,6374,83,71
2026-04-15,NC-12,NC-12-A,47.68,5950,92,80
2026-04-15,NC-12,NC-12-B,48.44,6606,78,62
2026-04-16,NC-12,NC-12-A,48.07,7696,106,91
2026-04-16,NC-12,NC-12-B,38.88,5838,61,47
2026-04-17,NC-12,NC-12-A,44.84,7467,91,80
2026-04-17,NC-12,NC-12-B,44.13,5750,65,56
2026-04-18,NC-12,NC-12-A,40.79,5269,66,57
2026-04-18,NC-12,NC-12-B,53.43,6676,80,73
2026-04-19,NC-12,NC-12-A,41.16,5282,63,58
2026-04-19,NC-12,NC-12-B,44.01,5968,63,56
2026-04-20,NC-12,NC-12-A,50.63,6572,78,69
2026-04-20,NC-12,NC-12-B,46.16,6466,66,54
2026-04-21,NC-12,NC-12-A,41.87,6571,82,76
2026-04-21,NC-12,NC-12-B,50.19,7001,78,73
2026-04-22,NC-12,NC-12-A,51.3,8011,104,92
2026-04-22,NC-12,NC-12-B,51.94,7154,87,82
2026-04-23,NC-12,NC-12-A,48.16,7522,88,81
2026-04-23,NC-12,NC-12-B,51.35,6940,61,52
2026-04-24,NC-12,NC-12-A,42.51,5801,69,59
2026-04-24,NC-12,NC-12-B,46.14,5876,67,60
2026-04-25,NC-12,NC-12-A,44.67,6462,102,91
2026-04-25,NC-12,NC-12-B,50.53,6587,56,46
2026-04-26,NC-12,NC-12-A,41.73,6379,92,77
2026-04-26,NC-12,NC-12-B,41.15,6505,79,73
2026-04-27,NC-12,NC-12-A,46.85,6385,85,74
2026-04-27,NC-12,NC-12-B,43.91,7103,74,66
2026-04-28,NC-12,NC-12-A,49.47,6360,77,66
2026-04-28,NC-12,NC-12-B,46.67,6206,69,57
2026-04-29,NC-12,NC-12-A,38.42,5023,60,47
2026-04-29,NC-12,NC-12-B,40.12,6246,67,58
2026-04-30,NC-12,NC-12-A,39.74,5635,80,74
2026-04-30,NC-12,NC-12-B,44.47,6463,76,70
2026-05-01,NC-12,NC-12-A,43.49,7257,94,80
2026-05-01,NC-12,NC-12-B,41.0,5543,62,56
2026-05-02,NC-12,NC-12-A,45.77,6578,92,76
2026-05-02,NC-12,NC-12-B,41.33,6800,64,58
2026-05-03,NC-12,NC-12-A,41.34,5581,72,64
2026-05-03,NC-12,NC-12-B,48.0,7622,89,81
2026-05-04,NC-12,NC-12-A,46.99,6642,81,75
2026-05-04,NC-12,NC-12-B,41.03,5822,64,55
2026-05-05,NC-12,NC-12-A,43.92,6349,66,61
2026-05-05,NC-12,NC-12-B,42.36,6616,71,63
2026-05-06,NC-12,NC-12-A,44.21,5755,93,87
2026-05-06,NC-12,NC-12-B,41.16,6095,69,57
2026-05-07,NC-12,NC-12-A,40.99,5311,64,53
2026-05-07,NC-12,NC-12-B,43.34,6979,66,60
2026-05-08,NC-12,NC-12-A,38.63,5258,62,54
2026-05-08,NC-12,NC-12-B,34.49,4368,59,52
2026-05-09,NC-12,NC-12-A,40.93,6235,76,66
2026-05-09,NC-12,NC-12-B,40.7,6453,68,57
2026-05-10,NC-12,NC-12-A,39.71,6270,83,69
2026-05-10,NC-12,NC-12-B,47.67,6105,75,63
2026-05-11,NC-12,NC-12-A,34.41,5043,63,57
2026-05-11,NC-12,NC-12-B,35.85,5012,65,55
2026-05-12,NC-12,NC-12-A,37.33,4693,53,51
2026-05-12,NC-12,NC-12-B,38.73,5825,58,51
2026-05-13,NC-12,NC-12-A,42.26,6516,89,83
2026-05-13,NC-12,NC-12-B,42.39,5763,64,54
2026-05-14,NC-12,NC-12-A,41.68,6217,74,66
2026-05-14,NC-12,NC-12-B,37.78,5572,55,49
2026-05-15,NC-12,NC-12-A,38.23,5107,63,54
2026-05-15,NC-12,NC-12-B,37.86,4788,43,33
2026-05-16,NC-12,NC-12-A,39.27,6253,65,56
2026-05-16,NC-12,NC-12-B,36.48,5981,71,68
2026-05-17,NC-12,NC-12-A,43.39,5647,74,64
2026-05-17,NC-12,NC-12-B,37.55,4769,53,47
2026-05-18,NC-12,NC-12-A,39.81,5606,64,56
2026-05-18,NC-12,NC-12-B,38.35,6341,64,54
2026-05-19,NC-12,NC-12-A,38.13,6191,95,84
2026-05-19,NC-12,NC-12-B,36.77,4647,45,38
2026-05-20,NC-12,NC-12-A,39.05,5080,63,54
2026-05-20,NC-12,NC-12-B,32.11,4839,54,49
2026-05-21,NC-12,NC-12-A,36.13,5754,73,67
2026-05-21,NC-12,NC-12-B,39.84,5331,57,46
2026-05-22,NC-12,NC-12-A,33.63,4625,65,58
2026-05-22,NC-12,NC-12-B,32.85,4583,70,61
2026-05-23,NC-12,NC-12-A,40.08,5570,75,67
2026-05-23,NC-12,NC-12-B,39.06,5117,54,46
2026-05-24,NC-12,NC-12-A,37.45,4890,66,59
2026-05-24,NC-12,NC-12-B,36.56,5585,80,70
2026-05-25,NC-12,NC-12-A,32.94,5123,56,49
2026-05-25,NC-12,NC-12-B,35.71,4621,45,39
2026-05-26,NC-12,NC-12-A,32.17,5144,70,63
2026-05-26,NC-12,NC-12-B,39.92,5408,75,66
2026-05-27,NC-12,NC-12-A,34.56,4349,54,42
2026-05-27,NC-12,NC-12-B,36.89,4918,60,52
2026-05-28,NC-12,NC-12-A,35.07,4429,55,46
2026-05-28,NC-12,NC-12-B,33.3,4962,45,42
2026-05-29,NC-12,NC-12-A,38.38,5843,60,47
2026-05-29,NC-12,NC-12-B,39.85,6506,61,52
2026-05-30,NC-12,NC-12-A,39.55,4925,57,51
2026-05-30,NC-12,NC-12-B,36.47,5410,53,48
2026-05-31,NC-12,NC-12-A,36.86,5010,63,51
2026-05-31,NC-12,NC-12-B,34.68,4960,53,43
2026-06-01,NC-12,NC-12-A,36.73,5388,70,61
2026-06-01,NC-12,NC-12-B,35.51,4495,47,42
2026-06-02,NC-12,NC-12-A,38.6,5488,61,54
2026-06-02,NC-12,NC-12-B,40.19,5847,51,42
2026-06-03,NC-12,NC-12-A,33.22,5533,74,61
2026-06-03,NC-12,NC-12-B,41.34,6384,69,58
2026-06-04,NC-12,NC-12-A,40.07,5974,77,73
2026-06-04,NC-12,NC-12-B,36.24,4904,46,40
2026-06-05,NC-12,NC-12-A,35.58,5601,73,66
2026-06-05,NC-12,NC-12-B,31.89,4568,40,34
2026-06-06,NC-12,NC-12-A,37.41,5761,85,79
2026-06-06,NC-12,NC-12-B,42.49,5364,61,54
2026-06-07,NC-12,NC-12-A,45.29,6838,81,68
2026-06-07,NC-12,NC-12-B,37.93,5094,43,41
2026-06-08,NC-12,NC-12-A,39.27,6466,88,79
2026-06-08,NC-12,NC-12-B,38.43,6345,72,65
2026-06-09,NC-12,NC-12-A,42.3,6693,83,74
2026-06-09,NC-12,NC-12-B,33.66,4427,54,47
2026-06-10,NC-12,NC-12-A,34.95,5389,67,59
2026-06-10,NC-12,NC-12-B,34.93,4657,51,47
2026-06-11,NC-12,NC-12-A,38.07,5932,76,63
2026-06-11,NC-12,NC-12-B,37.1,4982,40,33
2026-06-12,NC-12,NC-12-A,34.72,4854,50,47
2026-06-12,NC-12,NC-12-B,40.85,5174,66,59
2026-06-13,NC-12,NC-12-A,37.73,5587,73,57
2026-06-13,NC-12,NC-12-B,45.16,7279,76,66
2026-06-14,NC-12,NC-12-A,47.33,6428,74,63
2026-06-14,NC-12,NC-12-B,40.03,5617,41,32
2026-06-15,NC-12,NC-12-A,40.97,5640,62,53
2026-06-15,NC-12,NC-12-B,39.02,6073,62,54
2026-06-16,NC-12,NC-12-A,35.58,5065,55,51
2026-06-16,NC-12,NC-12-B,43.82,6671,64,56
2026-06-17,NC-12,NC-12-A,40.98,6015,87,72
2026-06-17,NC-12,NC-12-B,47.42,6581,64,57
2026-06-18,NC-12,NC-12-A,41.2,5912,85,80
2026-06-18,NC-12,NC-12-B,45.68,7352,78,69
2026-06-19,NC-12,NC-12-A,40.3,6587,97,81
2026-06-19,NC-12,NC-12-B,40.68,5519,56,52
2026-06-20,NC-12,NC-12-A,52.4,7528,105,96
2026-06-20,NC-12,NC-12-B,50.17,8065,85,70
2026-06-21,NC-12,NC-12-A,52.79,7317,94,83
2026-06-21,NC-12,NC-12-B,42.33,5481,60,54
2026-06-22,NC-12,NC-12-A,45.73,7640,97,84
2026-06-22,NC-12,NC-12-B,40.42,6230,79,73
2026-06-23,NC-12,NC-12-A,44.53,5758,71,63
2026-06-23,NC-12,NC-12-B,46.34,6587,54,46
2026-06-24,NC-12,NC-12-A,42.89,5370,61,52
2026-06-24,NC-12,NC-12-B,49.8,7035,74,68
2026-06-25,NC-12,NC-12-A,47.0,7621,101,90
2026-06-25,NC-12,NC-12-B,51.01,6586,70,62
2026-06-26,NC-12,NC-12-A,47.68,7375,94,83
2026-06-26,NC-12,NC-12-B,49.18,8143,96,89
2026-06-27,NC-12,NC-12-A,45.77,7169,102,87
2026-06-27,NC-12,NC-12-B,53.12,6621,58,50
2026-06-28,NC-12,NC-12-A,42.91,7073,86,70
2026-06-28,NC-12,NC-12-B,43.48,6185,70,62
2026-06-29,NC-12,NC-12-A,39.82,5451,74,62
2026-06-29,NC-12,NC-12-B,43.85,6253,75,63
2026-06-30,NC-12,NC-12-A,44.0,5836,90,81
2026-06-30,NC-12,NC-12-B,48.92,8098,91,80
2026-07-01,NC-12,NC-12-A,40.87,5698,76,65
2026-07-01,NC-12,NC-12-B,41.75,5923,69,57
2026-07-02,NC-12,NC-12-A,48.51,7671,122,104
2026-07-02,NC-12,NC-12-B,45.62,6093,77,67
2026-07-03,NC-12,NC-12-A,50.72,7187,88,72
2026-07-03,NC-12,NC-12-B,48.98,6171,71,63
2026-07-04,NC-12,NC-12-A,41.32,6565,113,99
2026-07-04,NC-12,NC-12-B,54.39,7658,99,90
2026-07-05,NC-12,NC-12-A,48.1,7944,98,83
2026-07-05,NC-12,NC-12-B,51.06,7290,80,71
2026-07-06,NC-12,NC-12-A,42.87,6097,73,64
2026-07-06,NC-12,NC-12-B,49.64,7138,72,58
2026-07-07,NC-12,NC-12-A,49.3,7580,88,75
2026-07-07,NC-12,NC-12-B,43.6,6846,80,71
2026-07-08,NC-12,NC-12-A,43.52,6976,105,89
2026-07-08,NC-12,NC-12-B,46.17,6285,69,64
2026-07-09,NC-12,NC-12-A,48.13,6470,70,64
2026-07-09,NC-12,NC-12-B,44.46,5917,65,55
2026-07-10,NC-12,NC-12-A,41.0,6666,81,78
2026-07-10,NC-12,NC-12-B,44.63,5550,50,46
2026-07-11,NC-12,NC-12-A,49.94,6890,94,83
2026-07-11,NC-12,NC-12-B,44.46,7008,85,78
2026-07-12,NC-12,NC-12-A,50.0,6772,94,85
2026-07-12,NC-12,NC-12-B,50.69,7395,83,72
2026-07-13,NC-12,NC-12-A,36.63,4979,77,65
2026-07-13,NC-12,NC-12-B,39.51,6380,59,51
2026-07-14,NC-12,NC-12-A,45.03,5839,85,72
2026-07-14,NC-12,NC-12-B,39.63,5098,70,60
2026-07-15,NC-12,NC-12-A,46.21,6298,79,72
2026-07-15,NC-12,NC-12-B,40.12,5707,66,58
2026-07-16,NC-12,NC-12-A,41.73,5315,80,67
2026-07-16,NC-12,NC-12-B,45.7,6137,58,52
2026-07-17,NC-12,NC-12-A,37.68,5998,91,77
2026-07-17,NC-12,NC-12-B,35.25,5679,63,58
2026-07-18,NC-12,NC-12-A,43.89,7247,90,82
2026-07-18,NC-12,NC-12-B,36.81,4901,56,48
2026-07-19,NC-12,NC-12-A,47.79,6928,88,81
2026-07-19,NC-12,NC-12-B,47.5,6512,72,63
2026-07-20,NC-12,NC-12-A,33.68,5210,68,61
2026-07-20,NC-12,NC-12-B,40.53,5654,57,48
2026-07-21,NC-12,NC-12-A,32.63,4736,64,53
2026-07-21,NC-12,NC-12-B,35.75,5871,61,52
2026-07-22,NC-12,NC-12-A,32.04,4123,47,43
2026-07-22,NC-12,NC-12-B,42.88,5622,55,50
2026-07-23,NC-12,NC-12-A,41.68,5388,80,75
2026-07-23,NC-12,NC-12-B,32.23,5162,56,51
2026-07-24,NC-12,NC-12-A,40.35,6485,79,68
2026-07-24,NC-12,NC-12-B,38.57,6129,87,73
2026-07-25,NC-12,NC-12-A,36.13,4804,69,60
2026-07-25,NC-12,NC-12-B,39.65,4934,51,45
2026-07-26,NC-12,NC-12-A,44.11,7222,85,79
2026-07-26,NC-12,NC-12-B,39.2,4986,52,43
2026-07-27,NC-12,NC-12-A,31.32,4672,64,56
2026-07-27,NC-12,NC-12-B,32.58,5030,57,51
2026-07-28,NC-12,NC-12-A,40.05,6567,91,81
2026-07-28,NC-12,NC-12-B,39.97,6091,65,58
2026-07-29,NC-12,NC-12-A,36.79,5819,91,82
2026-07-29,NC-12,NC-12-B,35.19,4658,44,39
2026-07-30,NC-12,NC-12-A,39.14,5481,66,61
2026-07-30,NC-12,NC-12-B,36.5,5078,65,52
2026-07-31,NC-12,NC-12-A,38.3,6402,73,64
2026-07-31,NC-12,NC-12-B,39.42,5764,73,58
2026-08-01,NC-12,NC-12-A,32.25,4864,56,46
2026-08-01,NC-12,NC-12-B,35.01,5364,65,59
2026-08-02,NC-12,NC-12-A,41.77,5648,88,78
2026-08-02,NC-12,NC-12-B,40.15,6603,71,61
2026-08-03,NC-12,NC-12-A,32.84,4778,65,59
2026-08-03,NC-12,NC-12-B,32.88,5243,58,53
2026-08-04,NC-12,NC-12-A,36.42,4925,91,79
2026-08-04,NC-12,NC-12-B,30.72,4482,58,49
2026-08-05,NC-12,NC-12-A,39.22,5644,75,66
2026-08-05,NC-12,NC-12-B,34.51,5345,58,52
2026-08-06,NC-12,NC-12-A,32.68,4702,77,72
2026-08-06,NC-12,NC-12-B,34.32,5219,52,44
2026-08-07,NC-12,NC-12-A,36.81,4604,65,63
2026-08-07,NC-12,NC-12-B,31.06,4750,49,44
2026-08-08,NC-12,NC-12-A,34.41,5690,75,64
2026-08-08,NC-12,NC-12-B,32.65,4061,35,31
2026-08-09,NC-12,NC-12-A,41.33,5881,71,66
2026-08-09,NC-12,NC-12-B,38.21,5266,66,55
2026-08-10,NC-12,NC-12-A,37.75,4844,63,61
2026-08-10,NC-12,NC-12-B,39.63,5856,53,46
2026-08-11,NC-12,NC-12-A,37.62,4673,60,53
2026-08-11,NC-12,NC-12-B,35.72,5320,63,54
2026-08-12,NC-12,NC-12-A,39.77,5037,57,44
2026-08-12,NC-12,NC-12-B,34.38,5652,66,56
2026-08-13,NC-12,NC-12-A,39.22,5013,70,60
2026-08-13,NC-12,NC-12-B,38.99,5945,57,54
2026-08-14,NC-12,NC-12-A,41.76,6181,87,79
2026-08-14,NC-12,NC-12-B,33.18,4449,37,32
2026-08-15,NC-12,NC-12-A,39.38,6494,76,69
2026-08-15,NC-12,NC-12-B,40.11,5594,67,62
2026-08-16,NC-12,NC-12-A,35.19,4594,66,62
2026-08-16,NC-12,NC-12-B,43.5,6968,70,63
2026-08-17,NC-12,NC-12-A,36.7,4652,68,59
2026-08-17,NC-12,NC-12-B,33.08,4232,51,45
2026-08-18,NC-12,NC-12-A,36.09,4667,84,70
2026-08-18,NC-12,NC-12-B,38.8,6091,55,50
2026-08-19,NC-12,NC-12-A,37.05,4651,68,57
2026-08-19,NC-12,NC-12-B,43.7,6801,77,64
2026-08-20,NC-12,NC-12-A,37.4,5760,73,65
2026-08-20,NC-12,NC-12-B,35.82,5795,62,59
2026-08-21,NC-12,NC-12-A,35.96,6018,77,70
2026-08-21,NC-12,NC-12-B,38.89,5250,53,47
2026-08-22,NC-12,NC-12-A,47.75,6820,94,79
2026-08-22,NC-12,NC-12-B,46.67,7607,84,72
2026-08-23,NC-12,NC-12-A,42.4,5997,86,78
2026-08-23,NC-12,NC-12-B,38.58,5653,69,61
2026-08-24,NC-12,NC-12-A,47.28,5929,68,63
2026-08-24,NC-12,NC-12-B,47.95,7471,92,76
2026-08-25,NC-12,NC-12-A,48.22,6592,79,72
2026-08-25,NC-12,NC-12-B,36.47,5202,58,56
2026-08-26,NC-12,NC-12-A,39.05,6044,57,55
2026-08-26,NC-12,NC-12-B,48.88,6290,64,59
2026-08-27,NC-12,NC-12-A,37.99,5057,71,58
2026-08-27,NC-12,NC-12-B,48.41,6524,75,63
2026-08-28,NC-12,NC-12-A,39.73,5488,65,61
2026-08-28,NC-12,NC-12-B,42.64,5596,58,51
2026-08-29,NC-12,NC-12-A,46.9,6483,96,85
2026-08-29,NC-12,NC-12-B,43.57,6831,68,63
2026-08-30,NC-12,NC-12-A,46.57,5939,63,53
2026-08-30,NC-12,NC-12-B,49.69,6754,72,60
2026-08-31,NC-12,NC-12-A,49.94,6520,81,70
2026-08-31,NC-12,NC-12-B,43.95,6205,78,67
2026-09-01,NC-12,NC-12-A,40.5,6458,91,82
2026-09-01,NC-12,NC-12-B,46.94,6154,60,52
2026-09-02,NC-12,NC-12-A,50.29,6575,91,80
2026-09-02,NC-12,NC-12-B,41.48,6432,59,53
2026-09-03,NC-12,NC-12-A,42.32,5327,67,62
2026-09-03,NC-12,NC-12-B,39.35,5266,55,51
2026-09-04,NC-12,NC-12-A,40.15,5356,59,53
2026-09-04,NC-12,NC-12-B,41.7,6447,62,54
2026-09-05,NC-12,NC-12-A,44.35,7174,92,83
2026-09-05,NC-12,NC-12-B,45.27,6363,73,66
2026-09-06,NC-12,NC-12-A,53.87,8817,117,100
2026-09-06,NC-12,NC-12-B,46.35,7438,92,77
2026-09-07,NC-12,NC-12-A,49.06,6712,91,83
2026-09-07,NC-12,NC-12-B,49.81,7550,81,74
2026-09-08,NC-12,NC-12-A,42.3,5335,77,69
2026-09-08,NC-12,NC-12-B,48.72,7322,67,62
2026-09-09,NC-12,NC-12-A,51.55,7143,99,81
2026-09-09,NC-12,NC-12-B,45.9,6457,64,59
2026-09-10,NC-12,NC-12-A,40.46,6593,81,72
2026-09-10,NC-12,NC-12-B,51.18,7111,79,69
2026-09-11,NC-12,NC-12-A,45.18,6593,85,80
2026-09-11,NC-12,NC-12-B,44.37,6882,87,77
2026-09-12,NC-12,NC-12-A,44.52,6331,73,65
2026-09-12,NC-12,NC-12-B,42.56,5572,61,54
2026-09-13,NC-12,NC-12-A,47.18,6699,99,90
2026-09-13,NC-12,NC-12-B,46.35,6249,56,47
2026-09-14,NC-12,NC-12-A,42.23,6223,69,63
2026-09-14,NC-12,NC-12-B,38.3,4879,53,51
2026-09-15,NC-12,NC-12-A,38.02,6223,83,71
2026-09-15,NC-12,NC-12-B,39.56,5853,54,50
2026-09-16,NC-12,NC-12-A,45.3,6149,84,73
2026-09-16,NC-12,NC-12-B,47.76,6093,71,61
2026-09-17,NC-12,NC-12-A,41.65,6571,67,56
2026-09-17,NC-12,NC-12-B,48.65,6191,70,62
2026-09-18,NC-12,NC-12-A,39.62,5802,83,75
2026-09-18,NC-12,NC-12-B,39.8,5665,57,52
2026-09-19,NC-12,NC-12-A,50.39,7514,100,88
2026-09-19,NC-12,NC-12-B,41.02,6611,78,65
2026-09-20,NC-12,NC-12-A,42.6,7154,90,81
2026-09-20,NC-12,NC-12-B,50.44,7588,85,78
2026-09-21,NC-12,NC-12-A,39.58,5177,62,56
2026-09-21,NC-12,NC-12-B,35.69,4832,46,37
2026-09-22,NC-12,NC-12-A,38.79,4888,65,60
2026-09-22,NC-12,NC-12-B,35.8,5865,52,42
2026-09-23,NC-12,NC-12-A,41.9,6015,62,48
2026-09-23,NC-12,NC-12-B,43.77,6447,83,76
2026-09-24,NC-12,NC-12-A,44.49,5652,75,65
2026-09-24,NC-12,NC-12-B,37.74,5991,58,45
2026-09-25,NC-12,NC-12-A,35.58,4864,61,57
2026-09-25,NC-12,NC-12-B,43.34,5696,73,66
2026-09-26,NC-12,NC-12-A,38.16,5110,66,62
2026-09-26,NC-12,NC-12-B,40.76,5168,58,50
2026-09-27,NC-12,NC-12-A,45.23,6841,94,85
2026-09-27,NC-12,NC-12-B,44.44,6669,67,60
2026-09-28,NC-12,NC-12-A,36.15,4532,51,48
2026-09-28,NC-12,NC-12-B,38.02,5004,57,47
2026-09-29,NC-12,NC-12-A,32.45,4648,68,60
2026-09-29,NC-12,NC-12-B,36.11,4940,50,44
2026-09-30,NC-12,NC-12-A,41.24,6357,69,58
2026-09-30,NC-12,NC-12-B,35.15,5355,61,58
